employee_id,age,gender,distance_from_home_km,department,job_role,monthly_salary,percent_salary_hike,tenure_in_years,training_times_last_year,work_life_balance_score,environment_satisfaction,job_satisfaction,relationship_satisfaction,overtime,sick_leave_days_last_year,performance_rating,target_turnover,target_burnout,target_disengagement
EMP_0001,51,Female,13,Finance,Agent,3241,22,3,6,3,1,1,3,Yes,23,2,1,1,1
EMP_0002,54,Male,26,Finance,Agent,3238,14,0,4,4,4,1,1,Yes,16,3,1,1,0
EMP_0003,55,Female,29,Marketing,Agent,3273,15,20,6,2,5,1,4,Yes,35,4,0,0,0
EMP_0004,31,Female,1,Informatique,Manager,4573,12,3,1,2,1,3,5,Yes,38,5,1,1,1
EMP_0005,28,Female,24,Informatique,Agent,3352,13,0,5,5,2,5,3,Yes,18,5,1,1,1
EMP_0006,52,Male,2,Informatique,Agent,2652,10,3,0,5,3,2,4,No,0,4,1,0,1
EMP_0007,52,Male,45,Marketing,Agent,2854,16,9,0,5,2,2,5,Yes,20,2,1,1,1
EMP_0008,36,Male,7,Informatique,Agent,3135,24,1,5,5,2,2,4,Yes,28,3,1,0,0
EMP_0009,47,Female,21,Marketing,Manager,4937,15,0,2,1,2,2,4,No,11,5,1,0,0
EMP_0010,27,Female,40,Marketing,Agent,2952,21,4,6,4,3,4,3,No,23,3,0,0,1
EMP_0011,59,Other,17,Marketing,Agent,2625,19,7,1,1,2,2,2,Yes,9,3,1,1,1
EMP_0012,54,Female,8,Marketing,Agent,3027,10,10,6,4,3,5,1,No,11,3,0,0,0
EMP_0013,34,Other,4,Marketing,Agent,2539,18,7,4,2,2,4,4,No,19,3,1,1,0
EMP_0014,42,Female,47,Informatique,Agent,2739,23,20,5,5,5,2,5,No,7,4,1,0,0
EMP_0015,27,Male,39,Marketing,Agent,3121,14,6,6,5,1,5,2,No,7,3,0,0,1
EMP_0016,31,Male,19,Informatique,Manager,4095,16,11,4,3,2,5,4,No,6,2,0,0,0
EMP_0017,38,Other,22,Informatique,Agent,2807,25,9,2,2,2,4,5,No,21,4,1,1,1
EMP_0018,57,Male,1,Marketing,Agent,2794,17,0,4,4,1,3,5,Yes,38,2,0,0,1
EMP_0019,26,Male,12,Finance,Agent,3068,14,5,3,4,5,1,3,No,18,5,0,0,0
EMP_0020,34,Other,50,Informatique,Agent,2926,25,1,0,4,5,2,2,No,10,2,0,0,1
EMP_0021,34,Male,16,Finance,Agent,2848,25,6,2,1,2,2,3,Yes,22,4,1,1,0
EMP_0022,50,Male,6,Finance,Agent,3240,15,12,0,4,5,2,1,Yes,42,2,1,1,1
EMP_0023,51,Male,12,Informatique,Agent,3048,20,7,2,4,4,1,1,Yes,33,5,1,1,0
EMP_0024,34,Female,8,Informatique,Agent,2721,13,13,6,5,1,3,4,No,20,5,0,1,0
EMP_0025,29,Female,29,Marketing,Manager,5240,18,8,2,3,4,5,3,Yes,27,3,1,1,0
EMP_0026,30,Other,3,Marketing,Agent,2801,25,4,5,2,1,3,2,Yes,37,5,1,1,0
EMP_0027,51,Female,44,Informatique,Agent,2578,10,6,0,3,5,3,4,Yes,36,2,1,1,1
EMP_0028,24,Male,31,Finance,Agent,3323,13,4,1,4,1,4,5,Yes,30,4,0,0,1
EMP_0029,39,Other,13,Finance,Agent,2880,21,10,6,2,5,1,1,Yes,40,2,1,1,1
EMP_0030,46,Female,4,Marketing,Agent,2927,12,12,3,4,3,3,2,No,21,4,0,0,1
EMP_0031,60,Other,44,Finance,Manager,5249,17,10,1,1,1,3,5,No,23,4,1,0,1
EMP_0032,24,Male,32,Finance,Agent,3207,24,3,3,2,2,2,2,No,18,2,1,1,1
EMP_0033,23,Male,15,Marketing,Agent,2867,15,2,1,1,1,4,1,Yes,33,5,0,0,0
EMP_0034,56,Female,49,Informatique,Manager,5049,23,9,0,5,4,1,2,Yes,23,2,0,0,1
EMP_0035,42,Other,5,Informatique,Agent,2938,14,8,5,3,1,1,4,Yes,36,4,0,0,1
EMP_0036,60,Female,45,Marketing,Agent,2574,10,8,6,1,1,3,1,No,3,5,0,0,1
EMP_0037,31,Female,17,Marketing,Agent,3030,17,5,5,5,5,2,5,Yes,18,5,1,1,0
EMP_0038,44,Male,5,Marketing,Agent,3311,15,0,5,2,1,5,4,No,25,3,0,0,1
EMP_0039,38,Male,50,Informatique,Agent,2776,22,18,2,5,5,4,1,Yes,25,2,1,1,1
EMP_0040,47,Male,7,Finance,Agent,2845,23,6,5,3,5,4,4,Yes,32,5,1,0,1
EMP_0041,59,Female,47,Marketing,Agent,2746,21,1,3,2,3,2,5,No,4,5,1,1,0
EMP_0042,57,Female,1,Finance,Agent,2644,12,13,0,1,3,5,4,Yes,41,2,1,1,0
EMP_0043,41,Other,37,Finance,Agent,2659,20,12,2,1,1,3,1,No,12,2,1,1,1
EMP_0044,34,Female,23,Finance,Agent,2620,20,7,4,1,1,2,2,No,23,5,0,0,1
EMP_0045,26,Female,28,Marketing,Agent,3204,13,2,5,3,3,3,1,Yes,22,3,0,0,0
EMP_0046,25,Female,2,Finance,Agent,3197,22,5,1,2,5,2,1,No,8,2,0,0,1
EMP_0047,60,Male,33,Finance,Agent,2792,17,11,5,3,1,1,1,Yes,38,3,1,1,1
EMP_0048,24,Other,34,Marketing,Agent,2816,25,2,6,4,2,5,1,Yes,32,4,0,0,0
EMP_0049,58,Male,26,Informatique,Manager,4419,13,4,4,2,2,4,3,Yes,22,3,0,1,0
EMP_0050,33,Female,26,Finance,Agent,3085,12,7,2,1,3,3,1,No,24,3,0,0,0
EMP_0051,40,Male,41,Finance,Agent,2577,20,7,6,4,1,5,5,Yes,39,3,1,1,0
EMP_0052,28,Male,44,Finance,Agent,2643,11,6,1,3,2,4,2,No,11,4,1,0,1
EMP_0053,29,Other,5,Marketing,Agent,2545,17,8,5,4,1,5,2,Yes,25,2,1,1,1
EMP_0054,38,Other,10,Marketing,Agent,2520,24,17,5,5,1,3,1,No,5,4,0,0,1
EMP_0055,58,Female,45,Finance,Agent,3135,23,5,4,3,1,4,3,Yes,31,2,1,1,1
EMP_0056,60,Female,31,Marketing,Agent,2649,13,7,1,4,4,3,4,Yes,34,5,0,0,0
EMP_0057,50,Male,46,Informatique,Agent,2813,13,8,1,4,3,3,5,No,0,4,1,0,1
EMP_0058,41,Male,2,Marketing,Agent,3178,16,8,2,2,4,2,5,No,21,3,1,0,1
EMP_0059,38,Other,7,Informatique,Agent,3015,13,12,2,1,3,3,5,Yes,24,4,1,1,0
EMP_0060,40,Other,9,Informatique,Agent,3221,16,0,1,1,5,3,1,Yes,29,2,0,0,1
EMP_0061,45,Male,36,Finance,Agent,2817,11,16,3,1,4,2,5,No,14,2,1,1,1
EMP_0062,35,Female,23,Informatique,Agent,2936,23,3,1,5,4,4,1,No,10,2,0,0,1
EMP_0063,46,Female,34,Marketing,Manager,4150,25,6,1,5,4,4,5,No,0,3,0,0,0
EMP_0064,44,Male,48,Marketing,Agent,2970,16,10,2,2,4,1,5,Yes,21,5,1,1,1
EMP_0065,50,Other,22,Informatique,Manager,5005,24,7,0,1,5,4,1,No,27,4,0,0,0
EMP_0066,44,Other,1,Informatique,Agent,2995,14,15,4,3,4,3,1,No,10,5,0,0,0
EMP_0067,24,Male,6,Informatique,Agent,2848,10,4,0,4,4,5,5,No,30,3,0,0,0
EMP_0068,51,Male,28,Informatique,Agent,3342,21,19,4,5,4,2,3,Yes,15,3,0,0,0
EMP_0069,26,Female,41,Finance,Agent,2827,10,6,3,3,5,2,1,No,24,5,1,0,1
EMP_0070,51,Other,24,Informatique,Manager,5397,24,14,3,3,3,2,5,Yes,26,4,1,1,0
EMP_0071,31,Other,46,Informatique,Agent,3077,18,11,6,2,3,5,1,Yes,43,5,1,1,1
EMP_0072,23,Other,17,Informatique,Agent,2884,17,1,3,3,5,1,5,Yes,22,4,1,0,1
EMP_0073,40,Female,44,Informatique,Manager,4057,22,8,4,5,1,5,2,Yes,19,3,1,1,1
EMP_0074,55,Other,41,Informatique,Agent,2727,18,2,5,5,5,4,1,Yes,23,3,0,0,0
EMP_0075,31,Other,34,Marketing,Agent,2916,20,6,4,5,2,3,2,No,4,2,0,0,1
EMP_0076,57,Male,37,Informatique,Agent,2602,22,12,4,4,1,1,2,Yes,23,3,0,0,0
EMP_0077,47,Other,35,Finance,Manager,5172,13,6,6,4,1,5,1,No,2,3,0,0,1
EMP_0078,57,Other,42,Informatique,Agent,3029,17,8,2,5,1,3,3,Yes,24,4,1,1,0
EMP_0079,33,Male,34,Informatique,Agent,3294,17,12,0,5,5,4,5,Yes,35,5,1,1,0
EMP_0080,42,Male,38,Marketing,Agent,2762,19,12,5,4,1,1,4,Yes,30,5,1,1,1
EMP_0081,22,Female,45,Marketing,Agent,3056,16,0,3,5,2,4,5,No,19,4,0,0,0
EMP_0082,34,Male,35,Informatique,Agent,2520,25,1,0,1,4,4,4,Yes,19,4,1,1,0
EMP_0083,47,Other,18,Marketing,Manager,5370,14,10,3,1,1,3,4,No,28,5,1,1,0
EMP_0084,30,Other,11,Marketing,Agent,2725,24,9,1,3,4,4,5,No,8,3,0,0,0
EMP_0085,40,Female,17,Marketing,Agent,3282,11,7,2,5,3,1,4,No,8,2,0,0,0
EMP_0086,26,Female,15,Finance,Agent,2577,24,5,0,4,3,2,1,No,29,4,1,0,1
EMP_0087,36,Male,34,Informatique,Agent,2929,18,4,6,3,3,5,3,Yes,10,4,0,0,0
EMP_0088,27,Female,23,Marketing,Agent,3335,14,4,6,1,1,1,1,Yes,9,5,0,0,1
EMP_0089,42,Female,15,Marketing,Agent,2696,25,4,3,4,5,1,5,Yes,22,2,1,1,0
EMP_0090,23,Male,5,Finance,Agent,2939,17,3,0,5,3,4,5,Yes,38,5,0,0,0
EMP_0091,45,Other,3,Marketing,Agent,3165,20,0,1,3,3,2,4,Yes,12,3,1,1,0
EMP_0092,59,Female,7,Marketing,Agent,2660,17,9,1,1,4,3,1,Yes,24,5,1,0,0
EMP_0093,34,Female,31,Finance,Agent,3175,10,8,5,4,5,1,3,Yes,30,5,1,0,1
EMP_0094,38,Other,29,Informatique,Manager,4122,13,2,5,4,2,5,3,No,13,4,0,0,1
EMP_0095,53,Female,3,Marketing,Manager,4277,18,5,2,2,5,1,5,Yes,42,3,1,1,1
EMP_0096,33,Other,41,Marketing,Agent,3332,12,13,2,1,1,4,1,No,23,3,1,1,1
EMP_0097,57,Female,31,Informatique,Agent,3260,21,6,1,2,4,3,2,Yes,35,2,0,0,0
EMP_0098,33,Female,47,Marketing,Manager,5395,22,11,4,4,3,2,4,Yes,29,2,1,1,0
EMP_0099,45,Male,43,Finance,Agent,2738,23,9,0,4,1,2,5,Yes,29,2,1,0,1
EMP_0100,27,Male,16,Finance,Agent,3329,21,2,1,4,3,2,2,No,23,4,1,0,1
EMP_0101,48,Male,19,Finance,Agent,3343,21,12,6,1,4,3,5,Yes,20,4,0,1,0
EMP_0102,51,Other,23,Finance,Manager,4833,12,13,4,4,1,3,2,No,4,2,0,0,1
EMP_0103,24,Female,17,Finance,Agent,3182,23,3,5,4,3,2,5,Yes,40,3,0,0,0
EMP_0104,54,Female,47,Finance,Manager,5121,17,18,2,1,1,5,4,Yes,17,5,1,0,0
EMP_0105,27,Other,30,Informatique,Agent,2643,25,3,0,2,4,2,3,Yes,13,3,1,1,1
EMP_0106,53,Female,50,Finance,Agent,2821,25,18,3,2,5,1,5,No,20,4,1,0,0
EMP_0107,44,Female,26,Finance,Agent,2708,25,15,4,5,1,2,4,No,8,4,0,0,0
EMP_0108,30,Male,8,Finance,Manager,4563,17,2,2,2,5,3,1,Yes,14,4,1,1,0
EMP_0109,45,Male,26,Finance,Agent,3327,15,18,5,1,4,1,1,No,8,4,1,1,1
EMP_0110,43,Female,10,Finance,Agent,2624,21,9,4,2,1,3,1,Yes,19,3,1,1,0
EMP_0111,38,Female,20,Finance,Manager,5062,10,4,2,4,2,2,5,No,13,4,1,0,1
EMP_0112,47,Male,17,Marketing,Agent,3075,17,17,5,5,1,1,1,No,11,5,0,0,0
EMP_0113,25,Other,32,Informatique,Agent,2872,23,3,1,3,1,3,2,Yes,16,5,1,1,1
EMP_0114,59,Other,29,Informatique,Agent,2868,21,5,0,1,1,1,4,No,22,2,1,0,1
EMP_0115,48,Female,39,Marketing,Agent,2733,15,20,3,1,2,3,5,No,22,4,0,0,0
EMP_0116,28,Other,32,Finance,Agent,3270,10,7,6,3,5,2,2,Yes,28,2,1,1,0
EMP_0117,31,Female,34,Informatique,Agent,2884,12,9,3,5,1,3,3,No,2,3,0,0,1
EMP_0118,30,Female,46,Informatique,Manager,5170,16,9,1,5,4,4,1,No,25,2,0,0,1
EMP_0119,42,Male,19,Marketing,Agent,3210,11,18,3,5,1,1,1,No,13,2,1,0,1
EMP_0120,29,Female,45,Informatique,Agent,2557,22,3,6,4,5,3,1,Yes,38,2,1,1,1
EMP_0121,48,Female,18,Marketing,Agent,3286,18,18,1,2,1,5,1,Yes,17,5,1,1,0
EMP_0122,55,Other,46,Finance,Agent,3090,16,12,1,2,3,5,2,Yes,39,3,1,0,1
EMP_0123,55,Male,46,Finance,Agent,2908,13,7,3,3,3,4,2,No,30,4,0,0,0
EMP_0124,36,Other,40,Finance,Agent,3020,24,6,4,2,3,4,3,Yes,20,4,1,0,1
EMP_0125,32,Other,16,Finance,Agent,2976,18,7,3,5,2,5,4,No,1,5,0,0,0
EMP_0126,22,Male,50,Informatique,Agent,3347,20,2,6,5,5,3,2,No,3,5,0,0,0
EMP_0127,31,Male,19,Informatique,Agent,2542,23,5,0,2,4,4,3,No,3,2,0,0,0
EMP_0128,33,Female,3,Marketing,Agent,2680,21,9,6,2,5,4,1,No,23,4,0,0,0
EMP_0129,53,Other,18,Finance,Agent,3182,15,14,4,4,3,2,2,No,3,2,0,0,1
EMP_0130,51,Female,26,Finance,Manager,4548,11,17,6,3,1,1,4,No,17,2,1,0,0
EMP_0131,39,Female,5,Informatique,Agent,2712,11,14,1,4,1,5,1,Yes,20,2,1,1,1
EMP_0132,48,Male,10,Finance,Agent,3136,10,9,2,5,1,4,5,No,22,2,0,0,0
EMP_0133,42,Female,36,Informatique,Agent,3265,24,20,1,2,1,4,4,Yes,22,3,1,1,0
EMP_0134,50,Female,2,Marketing,Agent,2779,22,11,3,2,4,4,1,Yes,23,3,1,1,0
EMP_0135,55,Female,13,Finance,Agent,3084,13,1,6,1,4,4,1,No,13,2,0,1,1
EMP_0136,25,Other,21,Informatique,Agent,2888,17,2,4,2,5,4,5,No,5,3,1,1,0
EMP_0137,50,Female,40,Informatique,Agent,2715,13,13,3,2,4,2,5,No,8,2,0,0,0
EMP_0138,44,Other,45,Informatique,Manager,4277,11,14,5,3,3,5,4,Yes,21,3,1,1,0
EMP_0139,59,Male,4,Marketing,Manager,4908,15,9,4,1,4,5,1,Yes,8,2,1,1,1
EMP_0140,54,Other,18,Informatique,Agent,2587,12,20,5,2,2,2,4,No,9,4,0,0,0
EMP_0141,31,Male,20,Informatique,Agent,2750,12,8,4,5,5,1,4,No,0,2,0,0,1
EMP_0142,25,Male,50,Marketing,Manager,5295,13,5,3,1,3,2,2,No,26,4,1,0,0
EMP_0143,34,Other,49,Informatique,Agent,2568,19,9,0,3,5,4,4,Yes,36,5,1,1,0
EMP_0144,60,Female,18,Finance,Agent,2671,22,11,1,3,3,2,1,No,19,2,0,0,0
EMP_0145,25,Female,4,Informatique,Agent,2678,16,0,0,5,5,1,3,Yes,16,4,1,1,1
EMP_0146,45,Male,17,Informatique,Agent,2520,14,14,5,4,1,4,4,No,24,4,0,0,0
EMP_0147,34,Other,32,Marketing,Agent,3046,11,6,6,5,3,3,4,No,14,4,0,0,1
EMP_0148,26,Female,46,Informatique,Agent,2602,15,5,5,3,5,1,2,Yes,21,3,0,1,0
EMP_0149,53,Male,14,Finance,Agent,2692,13,3,3,1,2,1,2,Yes,34,5,0,1,1
EMP_0150,43,Other,10,Marketing,Agent,2773,23,0,0,4,5,4,3,Yes,39,2,0,0,0
EMP_0151,39,Female,37,Informatique,Agent,3067,11,13,2,5,2,1,1,No,22,4,1,0,1
EMP_0152,39,Other,2,Informatique,Agent,2704,12,0,5,5,3,3,4,No,6,3,0,0,1
EMP_0153,53,Male,1,Marketing,Agent,3289,17,11,5,5,4,4,2,Yes,11,5,0,0,0
EMP_0154,29,Female,43,Informatique,Agent,3029,11,5,3,1,1,1,2,Yes,33,5,1,1,1
EMP_0155,44,Female,42,Finance,Agent,3178,13,11,3,1,2,4,5,No,21,2,1,1,1
EMP_0156,47,Female,41,Marketing,Agent,3211,15,13,5,1,3,3,2,Yes,24,2,1,1,1
EMP_0157,32,Other,41,Finance,Agent,2825,24,12,0,5,1,4,3,Yes,24,3,1,0,0
EMP_0158,22,Male,23,Finance,Agent,3029,16,1,3,1,5,3,2,No,21,4,0,0,1
EMP_0159,35,Male,7,Finance,Manager,4821,11,14,6,1,4,1,2,Yes,22,3,1,0,1
EMP_0160,28,Male,3,Finance,Agent,2703,19,6,2,4,4,2,5,No,12,2,1,0,0
EMP_0161,34,Male,34,Informatique,Agent,2825,21,1,3,4,2,2,5,Yes,17,2,1,1,1
EMP_0162,27,Female,47,Informatique,Agent,2610,19,5,0,1,1,1,2,No,14,4,0,0,1
EMP_0163,36,Male,22,Marketing,Agent,3143,19,7,6,4,1,3,2,No,13,2,1,0,1
EMP_0164,52,Other,24,Marketing,Agent,2726,17,17,2,4,3,3,4,Yes,39,4,1,1,0
EMP_0165,54,Other,47,Informatique,Manager,5131,15,13,3,5,3,5,1,No,8,5,1,0,1
EMP_0166,27,Other,12,Finance,Agent,3041,17,2,6,5,3,4,3,Yes,22,3,1,1,0
EMP_0167,27,Male,39,Finance,Agent,3144,16,3,0,1,5,4,1,Yes,27,4,1,1,1
EMP_0168,47,Male,26,Informatique,Agent,3359,17,6,5,3,1,1,5,Yes,19,5,0,0,0
EMP_0169,26,Male,5,Marketing,Manager,4122,15,3,5,2,1,2,2,Yes,40,4,1,1,1
EMP_0170,30,Male,4,Marketing,Agent,3324,16,0,0,4,1,4,3,No,30,4,0,0,0
EMP_0171,48,Male,1,Marketing,Agent,3177,21,7,2,3,5,5,2,No,7,3,0,0,0
EMP_0172,27,Male,1,Marketing,Manager,4676,11,4,0,4,4,5,4,Yes,18,3,1,0,0
EMP_0173,29,Male,4,Marketing,Agent,3240,10,6,5,1,5,4,5,No,25,4,0,0,1
EMP_0174,57,Male,23,Finance,Manager,4963,22,17,0,1,2,1,2,Yes,17,2,0,0,1
EMP_0175,45,Other,49,Finance,Agent,2926,22,5,3,3,1,5,1,No,3,2,0,0,1
EMP_0176,24,Other,47,Informatique,Agent,3036,15,1,2,3,3,5,3,No,0,4,0,0,0
EMP_0177,29,Male,28,Finance,Agent,2884,10,2,1,3,3,2,1,No,7,3,1,0,1
EMP_0178,56,Male,30,Marketing,Agent,3141,10,8,1,5,3,1,2,No,25,5,0,0,1
EMP_0179,30,Female,45,Finance,Agent,2528,10,8,2,4,3,5,1,Yes,28,2,1,1,1
EMP_0180,56,Other,31,Finance,Manager,4139,24,3,5,1,4,2,4,Yes,16,4,1,1,1
EMP_0181,46,Other,33,Finance,Agent,2797,16,4,6,2,1,4,1,Yes,22,3,1,1,1
EMP_0182,24,Male,34,Finance,Agent,3036,14,2,1,2,5,5,5,Yes,38,5,1,1,0
EMP_0183,38,Male,45,Informatique,Agent,3277,10,2,1,1,4,2,1,Yes,26,2,1,1,0
EMP_0184,26,Other,39,Informatique,Agent,2653,12,1,3,5,1,1,3,No,11,3,0,0,1
EMP_0185,40,Other,50,Marketing,Agent,3352,12,10,4,2,2,4,5,Yes,21,3,0,1,0
EMP_0186,35,Male,4,Finance,Agent,3272,22,0,3,2,2,3,2,No,29,5,0,1,0
EMP_0187,39,Other,45,Finance,Agent,2815,22,1,1,3,5,5,2,Yes,14,4,1,0,0
EMP_0188,52,Other,47,Marketing,Agent,3012,12,13,3,5,5,1,1,No,12,4,1,0,1
EMP_0189,50,Other,12,Informatique,Agent,3220,20,12,3,2,3,5,1,Yes,10,5,0,1,0
EMP_0190,25,Other,4,Finance,Agent,2638,12,1,3,3,1,4,2,Yes,26,2,1,0,1
EMP_0191,50,Female,37,Marketing,Agent,2715,24,15,1,4,1,3,5,Yes,17,4,1,0,1
EMP_0192,27,Other,49,Informatique,Agent,2664,23,7,2,4,3,4,3,Yes,26,2,1,0,0
EMP_0193,31,Other,32,Marketing,Agent,3063,16,10,1,4,5,2,4,No,24,3,0,0,1
EMP_0194,34,Female,13,Finance,Agent,2912,11,8,6,4,3,3,3,Yes,18,4,1,1,0
EMP_0195,26,Other,39,Finance,Agent,2546,16,3,5,1,4,4,5,No,13,4,0,0,0
EMP_0196,29,Male,26,Informatique,Agent,2825,23,6,1,3,2,4,2,Yes,23,5,1,0,1
EMP_0197,60,Other,24,Finance,Agent,3239,25,6,0,1,1,4,3,No,16,2,1,1,1
EMP_0198,39,Other,39,Marketing,Agent,3141,25,7,1,5,1,3,5,No,5,3,1,0,1
EMP_0199,47,Male,32,Informatique,Agent,3219,12,13,1,3,4,4,4,Yes,8,2,0,0,1
EMP_0200,55,Male,30,Informatique,Agent,3003,12,14,5,5,2,5,4,No,30,4,0,0,0
EMP_0201,47,Male,40,Finance,Agent,2696,22,7,2,1,3,4,5,Yes,17,5,1,1,0
EMP_0202,33,Female,22,Finance,Agent,2753,15,1,3,3,5,4,3,No,22,4,0,0,0
EMP_0203,51,Male,12,Informatique,Agent,3176,24,20,2,3,4,4,1,No,21,2,0,1,1
EMP_0204,54,Male,38,Finance,Agent,2951,25,10,0,4,1,4,2,No,23,3,0,0,0
EMP_0205,24,Male,22,Marketing,Agent,2976,19,1,4,4,4,4,4,Yes,31,3,1,1,0
EMP_0206,39,Female,31,Marketing,Agent,2750,11,16,1,1,5,2,2,No,14,2,1,1,1
EMP_0207,27,Male,43,Finance,Manager,4567,22,0,5,4,4,1,3,Yes,36,4,1,1,0
EMP_0208,58,Male,2,Finance,Agent,3238,17,17,4,2,1,4,4,No,16,3,0,0,0
EMP_0209,23,Other,2,Informatique,Agent,2556,16,1,0,4,5,3,1,Yes,31,4,0,0,1
EMP_0210,39,Male,17,Informatique,Agent,2949,24,8,3,5,2,5,1,Yes,17,2,1,1,1
EMP_0211,59,Male,17,Informatique,Agent,2889,12,20,3,3,5,3,2,No,9,5,0,0,0
EMP_0212,41,Male,42,Informatique,Agent,3215,17,11,6,1,3,3,3,Yes,33,5,1,1,0
EMP_0213,55,Male,29,Marketing,Agent,3095,17,15,2,1,1,1,1,Yes,34,3,1,1,1
EMP_0214,28,Male,40,Informatique,Manager,4639,11,3,5,1,4,4,4,Yes,30,3,1,1,0
EMP_0215,48,Male,4,Informatique,Agent,3330,20,8,3,1,5,4,3,Yes,14,2,1,1,0
EMP_0216,32,Other,38,Finance,Agent,2928,11,2,2,3,2,2,3,No,16,3,1,0,1
EMP_0217,31,Male,20,Marketing,Agent,2860,12,3,1,4,4,2,2,Yes,5,2,1,0,0
EMP_0218,28,Female,25,Informatique,Agent,3161,24,0,3,2,2,1,1,No,21,3,0,0,1
EMP_0219,54,Other,13,Finance,Agent,2639,12,5,6,1,2,4,3,Yes,41,4,0,1,0
EMP_0220,23,Female,25,Finance,Agent,3206,10,1,5,1,3,5,1,No,25,3,0,0,1
EMP_0221,24,Other,33,Finance,Manager,4402,21,4,6,2,4,3,3,Yes,20,4,1,1,0
EMP_0222,23,Female,49,Finance,Agent,2678,15,3,1,3,5,3,2,Yes,39,4,0,0,0
EMP_0223,33,Male,41,Finance,Manager,5341,20,7,3,3,5,5,5,No,25,4,0,1,0
EMP_0224,22,Male,11,Informatique,Manager,5064,12,0,4,3,3,1,3,Yes,31,4,1,1,1
EMP_0225,59,Male,27,Marketing,Agent,2972,24,19,1,2,5,3,1,No,17,4,0,0,0
EMP_0226,42,Female,10,Finance,Agent,3005,16,10,2,2,5,2,4,No,9,5,0,0,0
EMP_0227,52,Other,47,Finance,Agent,3159,14,15,4,3,4,2,3,No,15,5,1,0,1
EMP_0228,46,Female,23,Informatique,Agent,3085,13,19,6,2,3,3,3,No,10,5,0,0,0
EMP_0229,40,Male,14,Finance,Agent,2628,17,18,4,1,5,5,2,No,30,3,1,1,0
EMP_0230,60,Male,33,Marketing,Agent,3154,17,19,2,4,5,4,5,Yes,37,3,1,1,0
EMP_0231,40,Female,9,Marketing,Agent,3019,10,12,1,3,4,5,3,No,19,5,1,0,1
EMP_0232,37,Male,22,Marketing,Manager,4406,24,13,0,5,5,4,3,Yes,20,3,0,0,0
EMP_0233,22,Other,30,Finance,Agent,3015,14,0,3,2,4,5,4,Yes,15,4,1,1,0
EMP_0234,28,Female,8,Finance,Agent,3123,19,4,4,1,5,4,2,No,5,2,0,0,0
EMP_0235,33,Male,18,Informatique,Agent,3076,19,1,0,1,3,5,2,No,25,3,1,1,1
EMP_0236,23,Male,26,Marketing,Agent,3085,14,1,0,2,1,4,4,No,18,4,0,1,0
EMP_0237,32,Male,27,Marketing,Manager,4254,19,5,6,1,5,1,3,Yes,16,5,1,1,0
EMP_0238,60,Female,20,Marketing,Agent,2625,23,12,0,3,2,4,5,No,10,3,0,0,1
EMP_0239,43,Female,24,Finance,Agent,3203,23,13,6,3,5,4,3,Yes,11,2,1,0,1
EMP_0240,27,Other,45,Finance,Agent,3329,22,0,2,5,4,3,1,Yes,35,3,1,1,0
EMP_0241,23,Other,15,Finance,Agent,2942,13,2,0,4,2,4,5,Yes,22,4,1,1,0
EMP_0242,51,Female,37,Informatique,Agent,3129,10,15,3,2,4,5,3,Yes,17,3,1,1,1
EMP_0243,49,Other,19,Informatique,Manager,4402,15,16,2,2,5,1,4,Yes,31,3,1,1,0
EMP_0244,29,Other,20,Marketing,Agent,2612,12,1,6,2,2,1,1,Yes,40,2,1,1,1
EMP_0245,30,Male,6,Informatique,Manager,4989,24,8,1,3,2,3,3,Yes,31,3,1,0,1
EMP_0246,41,Female,33,Informatique,Agent,2575,25,14,0,1,2,4,4,No,6,3,0,0,0
EMP_0247,48,Male,49,Finance,Agent,2983,23,5,0,5,1,4,1,Yes,27,4,1,1,1
EMP_0248,36,Male,11,Informatique,Agent,2978,14,12,4,2,3,3,1,No,27,3,1,1,1
EMP_0249,43,Female,35,Informatique,Agent,3102,18,0,2,4,2,5,2,Yes,31,2,0,1,1
EMP_0250,58,Other,4,Finance,Agent,3269,15,19,2,1,2,3,2,Yes,32,2,0,1,0
EMP_0251,57,Other,8,Finance,Agent,2977,17,2,5,2,4,1,1,No,27,5,0,0,1
EMP_0252,28,Female,39,Marketing,Agent,3286,22,5,4,4,2,1,5,No,24,4,1,0,1
EMP_0253,43,Male,10,Finance,Agent,2683,19,4,6,2,3,4,2,No,15,4,0,0,0
EMP_0254,37,Other,43,Marketing,Manager,4837,10,0,4,5,1,4,5,No,12,3,1,0,1
EMP_0255,41,Male,22,Marketing,Agent,3099,24,5,4,4,1,4,2,No,30,5,0,1,0
EMP_0256,60,Female,2,Marketing,Agent,2958,24,0,0,4,4,4,4,No,7,5,0,0,0
EMP_0257,47,Female,21,Finance,Agent,3081,19,18,5,4,2,3,2,No,5,3,0,0,1
EMP_0258,27,Male,21,Marketing,Manager,4927,12,6,0,5,4,3,1,No,30,3,0,0,0
EMP_0259,59,Other,45,Finance,Agent,3227,22,11,5,2,3,3,5,No,5,5,1,1,0
EMP_0260,36,Male,11,Finance,Agent,3148,18,5,1,4,5,5,1,No,24,5,0,0,1
EMP_0261,39,Other,46,Finance,Agent,2986,22,0,6,2,5,2,1,No,16,2,0,1,1
EMP_0262,23,Other,37,Marketing,Agent,2900,11,2,3,3,5,3,3,Yes,16,5,1,0,0
EMP_0263,51,Other,9,Informatique,Agent,3086,25,9,5,2,2,5,3,Yes,24,2,1,0,1
EMP_0264,42,Other,35,Marketing,Agent,2745,12,16,5,4,4,3,3,Yes,17,5,1,1,0
EMP_0265,33,Other,7,Marketing,Agent,2550,24,1,3,2,5,3,4,No,6,2,0,0,0
EMP_0266,22,Other,8,Finance,Agent,2822,13,1,3,1,3,4,1,Yes,15,2,1,0,0
EMP_0267,45,Male,11,Informatique,Manager,4060,22,10,0,2,2,3,5,No,25,5,1,1,1
EMP_0268,46,Other,18,Informatique,Agent,3187,19,2,6,1,3,4,5,No,11,2,1,0,1
EMP_0269,32,Male,44,Marketing,Agent,3062,23,12,3,4,4,2,3,Yes,29,2,1,0,0
EMP_0270,46,Female,24,Marketing,Manager,4300,19,3,6,1,1,4,2,No,26,2,1,1,1
EMP_0271,34,Other,14,Marketing,Agent,3298,25,3,2,5,2,3,2,Yes,12,4,0,0,1
EMP_0272,28,Male,26,Finance,Agent,2796,17,2,2,3,2,5,3,Yes,20,3,0,0,0
EMP_0273,32,Female,33,Finance,Agent,2733,24,9,6,2,5,3,5,No,1,4,1,1,0
EMP_0274,50,Female,40,Finance,Manager,4417,19,17,1,2,1,1,4,Yes,29,5,1,1,1
EMP_0275,51,Female,41,Informatique,Agent,2861,20,17,4,4,5,1,4,Yes,27,3,1,1,1
EMP_0276,40,Male,31,Finance,Agent,3010,17,0,3,1,3,2,4,No,25,5,0,1,0
EMP_0277,51,Male,12,Marketing,Agent,3152,21,20,5,3,3,4,4,Yes,23,3,1,1,0
EMP_0278,26,Female,47,Informatique,Agent,3070,19,5,5,1,1,4,3,No,25,3,1,1,1
EMP_0279,37,Male,20,Marketing,Agent,2836,25,10,3,2,5,2,2,No,4,4,1,1,1
EMP_0280,55,Male,5,Informatique,Agent,2921,19,11,1,4,5,3,2,No,8,2,0,0,0
EMP_0281,51,Female,46,Marketing,Agent,2777,20,6,0,5,3,3,4,Yes,9,5,0,0,0
EMP_0282,47,Male,33,Marketing,Agent,2641,23,0,5,1,5,1,4,No,7,5,1,1,0
EMP_0283,29,Other,43,Marketing,Agent,2584,22,1,3,4,2,3,5,No,22,4,1,1,1
EMP_0284,23,Female,46,Finance,Agent,2733,18,3,4,1,2,2,2,Yes,35,3,1,1,0
EMP_0285,54,Other,17,Informatique,Agent,3176,10,3,3,3,1,4,5,Yes,18,2,0,1,1
EMP_0286,43,Other,20,Informatique,Agent,2873,23,10,5,1,2,3,2,Yes,15,5,1,1,0
EMP_0287,44,Female,29,Marketing,Manager,5292,25,7,4,5,1,5,2,No,28,3,1,1,1
EMP_0288,59,Male,31,Informatique,Agent,3061,21,19,2,4,3,1,2,Yes,24,3,1,0,0
EMP_0289,52,Female,44,Informatique,Agent,2863,11,20,0,5,4,3,5,No,25,4,1,1,1
EMP_0290,29,Male,26,Finance,Agent,2562,11,1,2,5,2,1,1,Yes,24,5,1,1,1
EMP_0291,38,Other,3,Finance,Agent,3249,17,3,1,2,1,1,3,Yes,36,5,1,1,0
EMP_0292,49,Female,25,Marketing,Manager,5289,19,10,5,5,1,4,2,No,27,2,1,0,1
EMP_0293,27,Female,50,Marketing,Agent,2672,24,4,1,2,4,1,3,No,5,2,1,0,1
EMP_0294,53,Other,48,Marketing,Manager,5392,14,2,3,3,2,2,5,No,6,3,1,0,1
EMP_0295,47,Other,9,Marketing,Agent,2935,16,8,0,3,5,4,3,Yes,30,3,1,1,1
EMP_0296,56,Male,7,Marketing,Agent,3343,23,15,3,4,3,2,1,No,6,3,0,0,1
EMP_0297,56,Other,48,Informatique,Agent,2781,21,7,1,3,5,3,1,No,17,2,0,1,0
EMP_0298,59,Male,31,Marketing,Agent,3082,17,10,5,1,2,2,1,Yes,19,4,1,0,1
EMP_0299,53,Male,7,Informatique,Agent,2527,18,12,3,5,2,2,5,Yes,18,2,1,1,0
EMP_0300,48,Female,37,Finance,Agent,2899,17,4,0,1,4,3,5,No,9,4,0,0,1
EMP_0301,31,Female,26,Finance,Agent,3119,12,10,3,5,3,3,4,No,18,4,0,0,0
EMP_0302,60,Other,27,Marketing,Agent,2571,22,3,0,2,4,2,4,No,14,5,1,0,1
EMP_0303,47,Other,39,Finance,Agent,3285,20,6,4,5,5,2,3,No,5,4,1,0,1
EMP_0304,60,Female,7,Informatique,Agent,3224,14,15,3,4,5,4,3,Yes,14,2,0,0,0
EMP_0305,35,Female,43,Finance,Agent,2668,16,14,2,2,2,5,3,No,1,3,1,1,0
EMP_0306,33,Female,22,Marketing,Agent,3096,10,11,5,2,5,1,1,Yes,12,2,0,0,1
EMP_0307,54,Male,10,Informatique,Manager,4893,23,13,2,2,5,5,5,Yes,15,2,1,1,0
EMP_0308,40,Female,26,Informatique,Agent,2763,21,5,0,1,5,2,4,No,19,3,1,1,1
EMP_0309,27,Other,13,Finance,Agent,2693,24,3,3,3,3,1,2,No,0,3,1,0,1
EMP_0310,29,Female,21,Marketing,Agent,2541,21,2,5,1,2,3,1,No,12,4,0,0,1
EMP_0311,56,Other,26,Finance,Manager,5130,14,4,3,1,3,1,4,Yes,17,3,1,1,0
EMP_0312,41,Other,8,Finance,Agent,2678,13,18,5,4,2,2,3,No,5,4,0,0,1
EMP_0313,52,Male,50,Informatique,Agent,2902,17,6,2,5,1,5,1,Yes,11,4,1,0,1
EMP_0314,35,Male,17,Marketing,Agent,3067,23,9,5,3,5,3,3,No,18,5,0,0,0
EMP_0315,27,Male,34,Marketing,Agent,2885,25,1,6,3,3,4,4,Yes,13,5,0,0,0
EMP_0316,59,Other,38,Informatique,Agent,3107,24,20,2,3,3,3,3,No,1,2,0,0,0
EMP_0317,28,Other,50,Informatique,Agent,3051,14,8,3,3,5,2,3,Yes,29,2,1,1,0
EMP_0318,32,Female,17,Marketing,Agent,2782,17,10,3,5,2,2,3,Yes,24,4,0,1,1
EMP_0319,57,Female,1,Finance,Manager,4408,23,6,4,2,2,4,5,Yes,34,3,1,1,0
EMP_0320,55,Male,33,Marketing,Agent,3137,20,2,6,5,4,3,1,Yes,18,4,0,1,0
EMP_0321,43,Other,17,Informatique,Manager,4711,10,17,5,1,1,5,3,No,29,2,1,1,0
EMP_0322,35,Male,10,Marketing,Agent,2846,10,2,2,2,1,4,4,No,6,5,1,1,1
EMP_0323,38,Other,7,Informatique,Agent,2660,18,4,6,4,3,5,2,Yes,19,5,1,1,1
EMP_0324,44,Male,11,Marketing,Manager,5329,22,15,0,2,3,1,4,Yes,13,2,1,0,1
EMP_0325,42,Other,38,Marketing,Manager,4915,12,17,4,5,5,3,1,No,10,5,0,0,0
EMP_0326,30,Male,39,Marketing,Agent,2618,14,4,5,4,1,5,2,No,26,4,0,0,1
EMP_0327,23,Other,19,Informatique,Manager,5088,10,2,1,4,2,1,2,Yes,18,5,0,1,1
EMP_0328,60,Female,5,Marketing,Agent,3344,25,0,4,1,3,4,3,No,25,5,1,1,0
EMP_0329,33,Other,48,Marketing,Agent,3244,25,2,0,1,3,3,5,No,6,4,1,1,0
EMP_0330,46,Other,23,Finance,Agent,2544,14,7,4,2,3,1,1,No,0,4,0,0,1
EMP_0331,22,Male,10,Finance,Agent,3244,13,2,4,5,5,2,3,No,8,5,1,0,1
EMP_0332,52,Male,39,Informatique,Agent,2683,10,17,6,5,1,3,2,No,8,2,1,0,1
EMP_0333,37,Female,42,Finance,Agent,2891,17,6,4,5,4,4,1,No,4,4,0,0,0
EMP_0334,25,Other,49,Marketing,Agent,3190,18,3,4,4,5,3,1,No,2,2,0,0,0
EMP_0335,47,Female,47,Finance,Agent,2945,13,14,2,1,3,3,2,Yes,31,4,1,1,0
EMP_0336,58,Male,47,Finance,Agent,2714,25,18,2,3,2,3,4,No,14,4,1,0,1
EMP_0337,48,Male,43,Finance,Agent,3057,25,14,5,3,1,1,2,No,13,5,1,0,1
EMP_0338,28,Male,5,Marketing,Agent,2868,12,2,0,4,5,1,1,Yes,43,3,1,0,1
EMP_0339,39,Female,2,Informatique,Agent,3252,17,7,4,5,5,1,4,Yes,13,4,0,0,0
EMP_0340,26,Other,29,Marketing,Agent,2973,21,3,0,5,4,1,2,No,7,5,0,0,1
EMP_0341,26,Female,11,Marketing,Agent,3275,14,0,5,4,1,1,2,Yes,23,4,1,1,1
EMP_0342,54,Male,5,Marketing,Agent,2747,18,10,3,5,4,3,2,Yes,23,4,1,1,1
EMP_0343,37,Female,17,Informatique,Agent,2922,13,14,1,2,3,5,1,No,25,5,1,1,0
EMP_0344,41,Male,9,Finance,Agent,3246,14,6,1,1,1,3,4,No,13,4,0,0,1
EMP_0345,52,Male,50,Finance,Agent,3158,21,20,3,3,3,1,5,Yes,26,2,1,0,1
EMP_0346,46,Other,37,Finance,Agent,2758,17,14,1,2,2,2,5,No,15,4,0,0,1
EMP_0347,45,Other,23,Finance,Agent,3275,24,1,3,5,3,4,3,Yes,34,4,1,0,0
EMP_0348,32,Other,31,Informatique,Agent,2929,18,10,4,2,1,3,5,Yes,39,3,1,1,0
EMP_0349,46,Male,43,Informatique,Agent,3109,22,0,3,4,5,5,4,Yes,36,5,1,1,0
EMP_0350,53,Female,19,Finance,Manager,4652,10,12,6,4,4,5,1,Yes,23,4,1,0,1
EMP_0351,39,Male,13,Finance,Agent,3296,10,16,2,4,1,5,1,No,4,3,0,0,1
EMP_0352,39,Other,25,Marketing,Manager,4391,15,2,0,5,3,5,4,Yes,37,4,0,0,0
EMP_0353,34,Male,1,Marketing,Agent,2533,17,14,6,2,5,3,2,No,19,2,0,0,0
EMP_0354,44,Male,39,Marketing,Agent,2520,17,15,3,4,3,1,1,No,7,5,0,0,1
EMP_0355,40,Other,10,Marketing,Agent,2943,14,19,6,3,2,2,4,No,15,4,0,0,0
EMP_0356,46,Male,30,Finance,Agent,2635,11,18,3,2,2,4,4,No,13,2,0,0,0
EMP_0357,57,Male,37,Finance,Agent,3354,11,20,0,3,1,4,3,Yes,31,2,1,1,1
EMP_0358,43,Female,15,Marketing,Agent,3214,20,5,1,2,3,4,3,No,15,3,0,0,0
EMP_0359,53,Female,23,Marketing,Agent,3290,11,3,1,5,1,2,2,No,10,2,0,0,1
EMP_0360,55,Other,41,Finance,Agent,2661,22,16,2,3,2,2,2,Yes,33,5,1,0,0
EMP_0361,38,Male,33,Informatique,Manager,4615,21,6,1,1,5,5,3,No,8,2,0,0,0
EMP_0362,24,Female,14,Marketing,Agent,2810,17,2,1,4,2,5,2,Yes,34,5,1,0,1
EMP_0363,37,Female,3,Finance,Agent,3233,12,17,3,3,2,3,4,Yes,27,4,1,1,0
EMP_0364,28,Male,46,Marketing,Agent,2544,11,8,5,3,4,4,2,No,23,4,1,0,1
EMP_0365,35,Female,18,Informatique,Agent,2782,13,8,6,2,4,3,3,Yes,27,5,1,1,0
EMP_0366,47,Male,9,Finance,Manager,5065,16,14,2,4,4,2,4,No,0,2,1,0,1
EMP_0367,58,Other,4,Informatique,Agent,3193,19,9,5,2,2,5,1,No,6,5,1,0,1
EMP_0368,53,Male,26,Finance,Agent,3288,25,10,0,3,2,4,5,Yes,9,2,1,1,1
EMP_0369,26,Male,35,Finance,Agent,2728,14,1,1,5,4,2,2,Yes,21,2,0,0,0
EMP_0370,34,Other,49,Informatique,Agent,2735,11,7,3,2,3,4,2,Yes,23,2,1,1,1
EMP_0371,28,Male,47,Finance,Agent,2912,12,5,3,5,2,5,2,No,30,4,0,0,1
EMP_0372,59,Male,24,Finance,Agent,2916,12,4,2,4,1,5,1,Yes,27,3,1,0,1
EMP_0373,25,Male,19,Informatique,Agent,2574,15,3,1,3,3,5,1,Yes,31,3,1,1,1
EMP_0374,45,Male,33,Marketing,Agent,3060,12,9,6,5,2,3,2,No,5,4,0,0,1
EMP_0375,38,Other,32,Marketing,Agent,2725,21,8,6,3,5,4,5,Yes,32,2,0,0,1
EMP_0376,30,Male,29,Marketing,Agent,3273,17,4,4,2,3,4,3,Yes,24,3,1,1,1
EMP_0377,25,Female,10,Finance,Agent,2848,16,5,2,4,5,1,2,No,5,2,0,0,1
EMP_0378,27,Male,31,Marketing,Manager,4794,10,3,4,4,2,3,2,No,23,4,1,0,1
EMP_0379,42,Female,4,Marketing,Agent,3108,22,16,4,2,5,4,2,Yes,45,2,1,1,0
EMP_0380,31,Female,23,Finance,Agent,2689,22,4,0,1,5,3,2,Yes,16,5,1,1,0
EMP_0381,48,Other,19,Marketing,Manager,5194,12,4,6,4,2,4,1,No,22,5,1,0,0
EMP_0382,37,Female,28,Marketing,Manager,4920,12,15,2,4,1,3,4,Yes,18,4,1,1,1
EMP_0383,42,Male,4,Marketing,Agent,2864,20,15,0,5,1,4,1,No,20,3,0,0,1
EMP_0384,53,Other,50,Finance,Agent,3342,14,13,3,2,5,5,5,Yes,19,3,1,1,0
EMP_0385,41,Male,3,Informatique,Agent,2715,16,4,6,4,2,3,5,Yes,6,4,1,1,1
EMP_0386,46,Male,22,Marketing,Agent,3133,21,19,2,3,1,2,3,Yes,28,4,0,0,0
EMP_0387,31,Female,14,Marketing,Manager,5057,25,3,2,3,2,5,3,Yes,12,2,1,0,1
EMP_0388,56,Male,10,Informatique,Agent,3182,20,18,4,4,2,3,5,No,23,2,0,0,1
EMP_0389,48,Male,6,Marketing,Agent,2964,24,4,1,4,4,2,3,Yes,35,3,1,1,0
EMP_0390,42,Female,2,Informatique,Agent,3078,12,10,4,5,4,5,4,Yes,18,2,0,0,0
EMP_0391,52,Other,9,Finance,Agent,2766,10,6,1,4,2,4,3,Yes,22,4,0,0,0
EMP_0392,41,Other,38,Finance,Agent,3141,12,8,6,1,1,2,1,Yes,14,5,1,0,1
EMP_0393,43,Other,29,Finance,Agent,3117,15,8,1,3,3,4,3,Yes,36,3,1,0,0
EMP_0394,22,Male,5,Informatique,Agent,2869,16,2,4,5,4,2,2,No,8,5,1,0,1
EMP_0395,53,Other,15,Marketing,Agent,3124,18,12,1,5,1,4,5,No,14,5,1,0,1
EMP_0396,56,Female,20,Finance,Agent,3050,16,7,2,2,1,4,1,Yes,19,3,1,1,0
EMP_0397,57,Other,41,Marketing,Manager,5232,19,2,1,2,4,3,5,Yes,21,2,0,1,0
EMP_0398,59,Other,34,Finance,Agent,3312,19,20,3,3,5,4,1,Yes,17,3,0,0,0
EMP_0399,40,Other,28,Marketing,Manager,4260,13,14,3,4,5,4,4,Yes,27,4,0,0,0
EMP_0400,37,Female,22,Marketing,Agent,3140,14,5,0,5,3,2,2,Yes,38,2,0,0,1
EMP_0401,60,Male,24,Finance,Agent,2902,15,11,5,4,3,4,2,No,3,2,0,0,0
EMP_0402,44,Other,28,Informatique,Agent,3020,19,13,1,3,4,3,2,Yes,14,5,1,1,1
EMP_0403,49,Male,46,Finance,Manager,4832,15,8,1,4,3,4,2,No,13,4,0,0,1
EMP_0404,59,Other,3,Informatique,Agent,3117,21,20,3,5,4,3,4,No,28,5,1,1,0
EMP_0405,33,Other,23,Finance,Agent,2946,16,0,1,1,5,2,3,Yes,36,2,1,1,0
EMP_0406,31,Other,47,Finance,Agent,2543,11,10,0,2,5,5,4,Yes,22,2,1,1,1
EMP_0407,36,Other,16,Informatique,Agent,2753,10,2,5,3,4,3,3,No,24,5,1,1,0
EMP_0408,37,Male,8,Finance,Agent,3101,12,0,4,5,1,5,5,No,22,5,0,0,1
EMP_0409,59,Other,25,Marketing,Agent,3033,19,18,0,3,3,5,1,No,10,4,0,0,1
EMP_0410,30,Other,37,Informatique,Manager,4345,15,6,6,2,5,5,3,Yes,16,4,1,1,0
EMP_0411,31,Female,3,Finance,Agent,2615,15,5,4,4,1,2,5,No,10,4,1,0,1
EMP_0412,32,Female,21,Finance,Agent,2940,25,0,0,5,3,1,3,No,8,3,0,0,1
EMP_0413,60,Male,26,Informatique,Agent,3193,15,10,2,3,1,5,2,No,27,4,0,0,1
EMP_0414,29,Female,30,Finance,Agent,2867,10,2,6,3,3,5,4,No,17,2,0,0,1
EMP_0415,59,Other,7,Marketing,Manager,4924,19,14,1,5,3,3,3,No,26,4,0,1,0
EMP_0416,31,Female,2,Finance,Agent,2850,12,10,4,5,2,1,4,Yes,30,5,1,0,1
EMP_0417,57,Female,5,Finance,Agent,2573,11,20,5,1,3,3,1,Yes,30,5,1,1,1
EMP_0418,27,Other,36,Informatique,Manager,4334,12,0,6,5,5,2,4,No,13,4,0,0,0
EMP_0419,57,Other,8,Finance,Agent,2766,11,7,5,4,2,3,3,Yes,27,3,1,1,0
EMP_0420,33,Other,18,Informatique,Agent,3196,21,2,1,4,2,5,1,Yes,27,5,0,0,1
EMP_0421,38,Female,45,Informatique,Agent,2565,21,2,6,2,4,4,4,Yes,40,5,1,1,0
EMP_0422,34,Other,23,Informatique,Agent,3262,14,13,2,3,2,3,1,Yes,30,4,0,1,1
EMP_0423,27,Other,21,Marketing,Agent,3309,25,4,6,5,2,4,3,No,14,5,0,0,1
EMP_0424,47,Female,21,Informatique,Agent,3142,21,10,1,2,1,3,2,No,24,4,1,0,1
EMP_0425,26,Male,43,Informatique,Agent,3149,17,2,6,3,3,3,1,No,23,5,1,1,1
EMP_0426,30,Female,32,Finance,Agent,2695,24,6,1,4,1,5,2,Yes,18,3,1,1,1
EMP_0427,23,Other,9,Finance,Agent,2632,18,2,2,2,4,4,4,No,10,4,1,1,0
EMP_0428,49,Other,37,Finance,Agent,2532,23,0,2,4,1,2,2,Yes,27,5,0,0,1
EMP_0429,48,Other,32,Informatique,Manager,5195,20,0,2,4,4,3,3,Yes,39,3,0,0,0
EMP_0430,36,Other,25,Informatique,Agent,3250,14,16,6,2,3,1,5,No,25,3,1,1,1
EMP_0431,57,Other,30,Marketing,Agent,3245,25,12,1,1,1,2,2,Yes,34,4,0,0,0
EMP_0432,33,Male,16,Marketing,Manager,4735,10,2,5,4,4,3,2,Yes,26,2,0,0,1
EMP_0433,54,Male,27,Marketing,Agent,2693,23,19,5,1,5,4,5,Yes,35,5,1,1,0
EMP_0434,39,Male,27,Finance,Agent,2599,11,18,6,2,1,3,2,No,15,3,0,0,1
EMP_0435,42,Other,12,Finance,Agent,3356,11,8,3,5,3,3,1,Yes,26,2,0,0,1
EMP_0436,50,Female,20,Finance,Agent,2930,18,11,1,4,1,1,2,No,13,5,0,0,1
EMP_0437,54,Female,30,Finance,Agent,2794,11,13,6,2,2,5,2,Yes,21,4,1,1,1
EMP_0438,55,Male,14,Marketing,Manager,4081,15,6,5,2,5,4,4,Yes,17,3,1,1,0
EMP_0439,33,Male,42,Marketing,Agent,2529,25,8,1,5,4,5,1,Yes,30,5,1,1,1
EMP_0440,35,Male,9,Marketing,Agent,2651,25,7,6,1,1,1,2,Yes,19,5,1,1,1
EMP_0441,32,Male,32,Marketing,Agent,2817,25,5,0,4,5,3,3,Yes,15,5,0,0,1
EMP_0442,24,Male,31,Finance,Agent,3233,25,0,6,1,1,3,2,Yes,29,4,1,1,1
EMP_0443,30,Male,13,Finance,Agent,3046,12,7,3,1,2,4,5,No,28,5,0,0,0
EMP_0444,48,Other,11,Informatique,Agent,3133,16,16,2,5,1,2,5,Yes,24,4,0,0,1
EMP_0445,55,Other,42,Informatique,Manager,5033,11,12,3,4,3,2,2,No,11,5,1,0,1
EMP_0446,47,Female,24,Informatique,Agent,3188,16,16,3,4,2,1,2,No,8,4,1,0,0
EMP_0447,27,Female,5,Marketing,Agent,3263,25,4,5,4,2,1,5,No,24,3,0,0,1
EMP_0448,26,Other,20,Marketing,Agent,2848,23,2,3,4,4,2,1,No,13,2,0,0,1
EMP_0449,35,Male,39,Informatique,Agent,3231,15,0,3,5,1,1,1,No,8,2,1,0,1
EMP_0450,35,Other,16,Finance,Manager,4958,19,0,3,1,2,5,4,No,20,5,0,1,1
EMP_0451,60,Male,3,Informatique,Agent,3324,18,3,6,4,2,2,5,No,16,2,0,0,0
EMP_0452,28,Male,41,Informatique,Manager,4426,19,5,5,3,5,1,4,Yes,29,2,0,1,1
EMP_0453,35,Female,14,Finance,Manager,4203,11,9,4,1,5,1,2,No,2,5,0,0,0
EMP_0454,53,Female,35,Marketing,Agent,3094,21,3,1,4,2,1,2,No,27,5,1,0,1
EMP_0455,52,Male,50,Marketing,Agent,2600,13,19,4,3,4,3,2,No,20,3,0,0,1
EMP_0456,27,Other,39,Informatique,Agent,3354,19,7,0,1,2,2,1,Yes,28,5,1,1,1
EMP_0457,48,Female,24,Finance,Manager,4613,12,13,3,4,3,2,4,Yes,33,2,1,1,1
EMP_0458,45,Male,28,Informatique,Agent,2752,19,15,6,5,2,1,4,Yes,26,3,0,1,0
EMP_0459,56,Female,30,Marketing,Agent,3064,24,20,1,5,1,3,2,No,5,3,0,0,1
EMP_0460,49,Other,8,Marketing,Manager,4694,13,14,3,5,3,2,5,Yes,13,4,1,0,0
EMP_0461,58,Male,40,Finance,Manager,4734,13,15,1,3,3,3,2,No,28,2,0,0,1
EMP_0462,36,Other,11,Marketing,Agent,2964,19,1,1,3,3,1,2,No,0,2,1,0,1
EMP_0463,60,Other,25,Informatique,Agent,2820,18,12,6,2,3,2,4,Yes,29,4,1,1,1
EMP_0464,54,Female,37,Informatique,Agent,2965,18,15,4,2,2,3,4,Yes,33,3,1,1,1
EMP_0465,58,Male,38,Finance,Agent,2702,19,13,0,5,3,3,1,No,3,3,1,0,0
EMP_0466,53,Male,42,Informatique,Agent,3082,25,3,2,5,3,5,1,Yes,26,5,1,0,0
EMP_0467,25,Male,42,Finance,Agent,2543,25,1,3,5,1,2,3,No,22,5,1,1,0
EMP_0468,49,Female,49,Marketing,Agent,2895,12,15,4,2,4,4,3,No,6,2,0,0,0
EMP_0469,48,Male,47,Marketing,Agent,3066,10,10,5,3,1,4,4,No,21,2,1,1,0
EMP_0470,22,Male,36,Informatique,Agent,2718,22,0,5,3,4,4,2,No,15,5,1,0,0
EMP_0471,59,Other,26,Informatique,Agent,3240,14,12,3,2,2,1,2,Yes,20,2,0,1,1
EMP_0472,49,Female,6,Informatique,Agent,3158,21,4,4,4,1,5,5,Yes,23,2,1,1,0
EMP_0473,58,Female,28,Marketing,Agent,2918,16,14,4,3,5,2,2,Yes,36,5,1,1,1
EMP_0474,43,Other,9,Marketing,Agent,3012,21,12,1,2,2,3,2,No,24,5,1,1,0
EMP_0475,36,Male,13,Finance,Manager,4486,15,3,6,5,5,4,1,Yes,26,5,1,0,1
EMP_0476,47,Other,38,Finance,Agent,2620,18,19,4,3,1,1,1,No,2,2,0,0,1
EMP_0477,55,Female,9,Finance,Agent,3308,20,6,5,3,2,5,2,No,2,5,1,1,1
EMP_0478,37,Other,17,Finance,Agent,2982,17,13,2,4,2,1,3,No,16,2,0,0,1
EMP_0479,33,Male,14,Marketing,Agent,2891,21,1,6,1,1,1,2,Yes,26,3,1,0,1
EMP_0480,39,Male,19,Informatique,Agent,2685,14,2,2,3,4,1,4,No,30,5,1,1,1
EMP_0481,53,Male,19,Marketing,Agent,3137,16,6,6,4,2,4,4,Yes,15,2,1,0,1
EMP_0482,28,Male,35,Marketing,Agent,2901,17,2,0,1,4,4,4,Yes,9,5,1,1,0
EMP_0483,48,Male,26,Informatique,Agent,2952,25,3,6,2,5,2,3,No,28,3,0,1,1
EMP_0484,23,Other,16,Marketing,Agent,2714,13,3,4,3,3,1,5,Yes,14,5,1,0,0
EMP_0485,50,Female,4,Finance,Agent,2765,14,10,3,3,1,1,3,No,14,4,0,0,0
EMP_0486,26,Female,2,Marketing,Agent,3249,16,1,5,5,1,5,3,No,10,3,0,0,0
EMP_0487,49,Other,22,Finance,Agent,2670,19,0,5,1,1,4,4,No,29,3,0,0,0
EMP_0488,53,Male,50,Marketing,Agent,2579,14,19,5,5,3,2,2,No,27,4,1,1,1
EMP_0489,25,Female,19,Finance,Agent,3154,11,5,4,4,4,2,2,Yes,15,4,1,0,0
EMP_0490,23,Female,8,Finance,Agent,2706,24,0,2,1,4,1,1,No,8,3,1,1,0
EMP_0491,40,Other,33,Marketing,Agent,2941,16,12,6,3,2,1,5,Yes,19,2,1,1,0
EMP_0492,55,Female,46,Finance,Agent,2627,19,3,4,5,4,1,4,Yes,29,3,1,0,0
EMP_0493,38,Other,17,Informatique,Agent,2851,15,2,6,1,1,1,5,No,17,3,1,1,0
EMP_0494,50,Other,44,Marketing,Agent,3107,12,13,5,3,2,2,5,No,17,5,1,0,0
EMP_0495,57,Male,8,Marketing,Manager,4717,14,17,6,4,4,4,3,No,6,5,1,1,1
EMP_0496,30,Female,45,Finance,Agent,2627,10,2,4,5,2,3,3,No,11,3,0,0,0
EMP_0497,56,Female,30,Informatique,Agent,2569,17,2,4,5,4,1,4,Yes,15,5,1,0,0
EMP_0498,38,Other,27,Marketing,Manager,4732,23,9,2,3,3,2,3,Yes,37,3,1,0,0
EMP_0499,38,Other,32,Finance,Agent,3294,21,7,4,4,1,1,2,No,6,4,1,0,0
EMP_0500,55,Other,33,Finance,Agent,3225,12,19,1,4,5,5,2,No,8,3,0,0,1
EMP_0501,26,Male,16,Informatique,Agent,3300,14,0,4,5,5,5,3,Yes,31,3,1,0,0
EMP_0502,57,Male,31,Marketing,Agent,3274,23,4,4,2,3,5,2,Yes,9,3,1,1,0
EMP_0503,32,Male,14,Marketing,Agent,2782,10,7,5,3,1,4,4,No,29,5,0,0,0
EMP_0504,41,Other,15,Informatique,Agent,3359,20,12,1,2,5,3,5,Yes,12,3,1,1,0
EMP_0505,57,Male,32,Finance,Agent,2944,24,6,4,2,2,4,1,No,19,4,1,0,0
EMP_0506,31,Other,35,Informatique,Manager,4216,23,7,2,1,1,5,3,Yes,32,5,1,1,1
EMP_0507,49,Other,24,Marketing,Agent,2531,20,3,0,1,1,3,3,No,4,4,0,0,1
EMP_0508,36,Male,41,Marketing,Agent,2669,10,16,4,3,4,5,5,Yes,37,2,0,0,0
EMP_0509,35,Male,12,Marketing,Agent,3260,18,4,6,5,5,2,2,Yes,33,3,1,1,0
EMP_0510,40,Male,1,Informatique,Agent,3148,21,17,1,3,1,2,5,Yes,22,2,1,1,1
EMP_0511,37,Male,12,Finance,Agent,2992,10,13,5,4,2,2,4,Yes,25,5,1,0,1
EMP_0512,40,Male,6,Finance,Agent,3210,15,2,2,4,1,2,5,No,0,2,1,0,1
EMP_0513,39,Female,24,Informatique,Agent,2732,16,5,1,4,4,4,4,No,15,5,0,0,0
EMP_0514,50,Male,46,Informatique,Agent,2981,14,7,6,3,4,4,2,Yes,15,3,0,0,1
EMP_0515,34,Female,38,Informatique,Agent,2530,12,13,5,5,2,5,1,Yes,20,2,1,1,0
EMP_0516,27,Male,42,Finance,Agent,2919,20,4,4,2,3,5,2,Yes,23,3,1,1,0
EMP_0517,23,Female,49,Finance,Agent,3126,14,3,4,5,3,2,3,No,0,2,1,1,1
EMP_0518,34,Female,28,Marketing,Agent,3262,25,0,5,5,2,4,1,No,18,5,0,0,0
EMP_0519,41,Other,33,Informatique,Agent,3301,20,18,0,2,5,4,4,Yes,19,3,0,0,0
EMP_0520,34,Male,45,Informatique,Manager,5041,21,7,5,5,1,2,5,Yes,18,5,1,0,0
EMP_0521,37,Other,18,Informatique,Agent,2847,12,6,1,2,1,2,1,No,19,2,0,0,1
EMP_0522,23,Other,16,Marketing,Agent,2748,17,3,1,1,4,2,3,No,17,5,1,0,1
EMP_0523,53,Other,16,Finance,Agent,2887,12,11,1,5,1,4,2,No,29,5,1,1,0
EMP_0524,58,Other,28,Finance,Agent,2950,22,20,6,1,5,1,5,Yes,16,2,1,1,1
EMP_0525,45,Female,30,Informatique,Agent,3126,21,6,4,4,1,3,1,Yes,13,4,0,0,1
EMP_0526,41,Male,13,Informatique,Agent,2845,10,10,3,3,4,4,5,No,25,5,1,1,0
EMP_0527,48,Male,10,Informatique,Agent,3061,11,4,0,4,3,2,3,Yes,27,5,0,0,1
EMP_0528,53,Male,49,Marketing,Manager,4915,11,17,0,2,1,5,4,No,26,3,0,0,1
EMP_0529,34,Other,6,Marketing,Agent,3175,17,9,0,4,1,3,1,No,27,5,0,0,1
EMP_0530,49,Male,20,Finance,Agent,3334,21,20,1,1,2,5,3,Yes,21,4,1,1,0
EMP_0531,50,Female,19,Informatique,Agent,2926,19,15,3,1,2,3,5,Yes,10,3,1,1,1
EMP_0532,54,Female,40,Marketing,Agent,3114,10,2,3,2,5,5,4,Yes,18,2,1,1,0
EMP_0533,50,Female,29,Informatique,Agent,3215,24,13,3,2,4,2,3,Yes,27,5,1,1,1
EMP_0534,54,Female,4,Informatique,Agent,2957,17,2,0,1,1,5,3,No,25,5,1,1,0
EMP_0535,60,Other,32,Marketing,Agent,3285,24,7,5,4,5,4,2,No,16,3,0,0,0
EMP_0536,36,Other,47,Informatique,Agent,3280,19,13,0,1,4,2,4,Yes,25,4,0,1,0
EMP_0537,52,Male,43,Marketing,Agent,2621,25,11,3,4,1,4,3,No,29,5,1,0,0
EMP_0538,25,Other,34,Marketing,Agent,2738,15,1,3,1,2,4,4,No,0,4,1,0,0
EMP_0539,28,Male,43,Informatique,Agent,3286,24,6,3,5,1,4,5,No,15,4,0,0,0
EMP_0540,30,Female,12,Informatique,Agent,3340,16,6,1,3,2,1,4,Yes,17,3,1,0,1
EMP_0541,30,Other,37,Marketing,Agent,3019,25,5,3,5,2,5,4,Yes,34,5,1,1,0
EMP_0542,32,Male,45,Informatique,Manager,4192,22,11,2,3,5,5,1,No,25,5,0,0,0
EMP_0543,37,Male,34,Finance,Agent,2637,12,17,4,1,3,5,1,Yes,35,4,1,0,1
EMP_0544,43,Male,40,Finance,Agent,3351,13,19,5,1,5,4,4,No,17,4,1,0,0
EMP_0545,51,Other,36,Informatique,Agent,2654,14,7,3,1,1,1,1,Yes,40,3,1,1,1
EMP_0546,53,Male,7,Marketing,Agent,3355,12,6,2,2,2,1,5,No,27,3,1,1,1
EMP_0547,26,Other,36,Finance,Agent,2538,16,2,2,4,2,5,3,Yes,34,5,0,0,0
EMP_0548,35,Female,21,Finance,Agent,2526,22,6,3,3,2,2,3,Yes,21,4,1,1,0
EMP_0549,39,Female,43,Finance,Agent,2885,24,5,3,4,2,1,2,Yes,26,2,0,1,1
EMP_0550,32,Male,45,Marketing,Agent,2625,17,9,6,4,5,2,2,Yes,27,5,1,1,1
EMP_0551,29,Male,24,Finance,Agent,2557,24,3,1,1,3,1,2,No,8,3,0,0,1
EMP_0552,40,Male,11,Informatique,Agent,2948,16,20,6,2,5,1,1,No,12,3,0,0,0
EMP_0553,39,Male,50,Finance,Manager,4753,15,13,0,2,1,3,4,No,3,2,0,0,1
EMP_0554,56,Male,10,Finance,Agent,2670,25,19,1,2,2,2,1,Yes,18,5,1,1,1
EMP_0555,44,Male,39,Marketing,Agent,2815,20,3,5,3,3,5,2,No,8,5,0,0,0
EMP_0556,48,Other,6,Marketing,Agent,2578,10,7,0,4,3,5,3,Yes,40,5,1,0,0
EMP_0557,26,Female,40,Marketing,Agent,3022,23,4,4,2,5,3,3,Yes,33,5,1,1,0
EMP_0558,48,Male,32,Finance,Agent,3062,23,6,5,3,5,2,4,No,19,4,0,0,1
EMP_0559,50,Other,2,Marketing,Agent,2910,25,14,3,3,1,3,2,Yes,37,4,0,1,0
EMP_0560,29,Male,17,Informatique,Agent,3321,13,3,4,3,5,5,4,Yes,31,2,1,1,0
EMP_0561,60,Female,9,Marketing,Agent,2549,25,3,4,2,5,5,1,No,13,3,0,0,1
EMP_0562,50,Male,12,Marketing,Agent,2728,16,14,0,4,4,4,5,Yes,19,3,1,1,0
EMP_0563,34,Other,34,Informatique,Agent,3310,17,7,6,4,1,5,1,Yes,30,5,0,0,0
EMP_0564,32,Male,50,Marketing,Agent,2731,16,0,1,2,5,1,1,No,26,2,1,1,1
EMP_0565,45,Male,40,Marketing,Agent,2659,10,5,1,2,5,3,1,No,3,2,1,0,1
EMP_0566,23,Female,39,Marketing,Agent,3025,19,3,3,2,1,5,3,No,24,2,0,1,0
EMP_0567,52,Female,12,Informatique,Agent,2529,13,4,5,5,4,1,2,Yes,36,3,1,1,0
EMP_0568,56,Male,34,Informatique,Agent,2883,16,6,2,4,4,3,3,Yes,17,4,1,1,0
EMP_0569,47,Other,47,Informatique,Agent,2544,17,4,2,5,1,3,2,No,24,5,1,1,1
EMP_0570,39,Female,29,Finance,Agent,3160,11,17,6,5,2,4,3,No,10,5,0,0,1
EMP_0571,59,Other,44,Finance,Agent,2982,16,9,6,3,5,3,2,No,2,5,0,0,1
EMP_0572,32,Other,36,Finance,Agent,3080,15,11,2,2,1,3,3,No,4,5,0,0,1
EMP_0573,28,Female,6,Finance,Agent,2732,12,3,4,3,1,4,5,No,15,3,0,0,1
EMP_0574,46,Male,35,Informatique,Agent,2976,12,0,4,4,4,4,1,No,0,5,1,0,1
EMP_0575,57,Female,34,Finance,Agent,2750,10,7,5,2,1,4,3,Yes,43,5,1,1,0
EMP_0576,55,Other,30,Marketing,Agent,2784,25,11,3,3,3,2,1,No,18,5,1,0,1
EMP_0577,56,Male,24,Marketing,Agent,2643,13,0,5,3,5,5,2,No,28,4,0,0,0
EMP_0578,43,Male,45,Marketing,Agent,3337,13,20,3,1,2,3,1,No,17,3,0,0,1
EMP_0579,31,Male,3,Marketing,Agent,3179,20,11,4,5,5,5,2,No,26,2,0,0,1
EMP_0580,25,Female,14,Informatique,Agent,2720,13,3,2,1,2,2,4,No,22,3,1,1,0
EMP_0581,45,Female,10,Informatique,Agent,3267,22,11,2,1,3,4,1,No,28,5,1,1,0
EMP_0582,25,Other,11,Marketing,Agent,2656,12,3,6,5,5,2,5,Yes,16,5,0,0,0
EMP_0583,42,Other,43,Informatique,Agent,2778,19,17,5,1,2,5,2,No,4,3,1,1,1
EMP_0584,39,Male,45,Finance,Agent,2697,24,1,2,3,1,3,4,Yes,15,2,0,0,0
EMP_0585,42,Female,8,Informatique,Agent,2875,19,10,6,4,1,3,3,Yes,38,4,0,0,0
EMP_0586,46,Male,49,Finance,Agent,2769,24,8,1,5,1,3,4,No,7,4,0,0,1
EMP_0587,58,Male,10,Finance,Agent,3007,17,7,1,4,4,2,4,Yes,16,3,0,1,0
EMP_0588,48,Male,29,Finance,Agent,2624,19,2,2,1,5,3,4,Yes,25,4,0,1,0
EMP_0589,57,Male,6,Marketing,Agent,3005,18,2,5,5,4,5,1,Yes,29,2,1,1,1
EMP_0590,35,Male,5,Informatique,Agent,2550,16,11,5,5,4,5,3,Yes,10,2,0,0,0
EMP_0591,24,Male,10,Finance,Agent,2743,25,4,5,1,2,3,5,No,5,5,1,0,1
EMP_0592,53,Female,37,Marketing,Agent,3330,20,6,5,4,4,5,2,No,27,2,0,0,0
EMP_0593,51,Other,12,Informatique,Manager,4327,19,7,6,2,3,3,3,No,27,4,0,1,0
EMP_0594,25,Female,10,Marketing,Agent,3144,16,1,4,1,3,4,4,Yes,25,4,1,1,0
EMP_0595,37,Male,30,Informatique,Agent,2877,22,8,5,3,3,5,1,Yes,25,3,1,1,1
EMP_0596,41,Other,15,Informatique,Agent,3318,14,9,4,5,4,2,5,Yes,9,2,1,1,1
EMP_0597,47,Female,8,Informatique,Agent,3333,11,5,4,2,5,4,4,No,9,5,0,0,1
EMP_0598,31,Male,44,Informatique,Agent,2585,17,3,0,2,5,3,2,Yes,10,5,0,0,1
EMP_0599,37,Female,29,Informatique,Agent,2967,13,10,0,3,4,4,3,Yes,36,5,1,1,1
EMP_0600,49,Male,34,Informatique,Agent,2547,18,12,5,3,2,5,2,No,10,5,0,0,1
EMP_0601,34,Other,8,Finance,Agent,2527,21,5,3,2,3,2,1,Yes,23,3,0,0,1
EMP_0602,27,Other,49,Finance,Agent,2878,19,6,5,5,1,1,1,No,27,4,0,1,1
EMP_0603,34,Other,22,Finance,Manager,4411,12,3,0,4,4,1,1,Yes,29,3,1,0,1
EMP_0604,39,Other,36,Finance,Agent,2977,12,5,2,3,3,1,5,Yes,13,3,1,0,1
EMP_0605,26,Male,50,Marketing,Agent,2780,19,3,0,2,4,1,4,Yes,14,5,0,1,0
EMP_0606,39,Other,33,Finance,Agent,2829,22,9,3,5,3,1,3,No,0,5,1,0,1
EMP_0607,56,Other,3,Marketing,Agent,3209,24,15,5,4,1,5,2,No,11,5,0,0,0
EMP_0608,38,Female,26,Marketing,Agent,3218,25,3,3,3,4,2,1,Yes,21,4,0,0,1
EMP_0609,58,Other,44,Finance,Agent,2522,11,4,6,5,1,4,5,Yes,25,4,1,0,0
EMP_0610,33,Female,6,Marketing,Agent,3027,14,3,5,1,1,2,4,Yes,38,3,1,1,0
EMP_0611,29,Other,14,Finance,Agent,3230,24,2,5,2,1,5,1,Yes,17,5,1,1,1
EMP_0612,43,Male,31,Informatique,Agent,2755,16,6,4,5,4,3,2,Yes,31,3,1,0,1
EMP_0613,46,Male,30,Informatique,Manager,4469,11,0,2,5,2,3,3,Yes,24,2,0,0,0
EMP_0614,23,Female,32,Informatique,Manager,4403,10,1,0,4,4,1,4,No,29,4,1,1,1
EMP_0615,31,Female,35,Informatique,Agent,3323,25,8,1,4,3,1,1,Yes,32,2,0,0,0
EMP_0616,31,Male,46,Informatique,Agent,3026,22,9,2,2,3,3,2,Yes,32,2,0,1,0
EMP_0617,27,Other,28,Informatique,Manager,5317,11,5,1,2,5,3,2,Yes,18,4,1,1,1
EMP_0618,25,Other,22,Finance,Agent,3209,19,0,6,1,5,1,1,No,19,4,1,1,1
EMP_0619,56,Other,40,Marketing,Agent,3190,16,0,1,1,1,3,1,Yes,27,3,0,1,1
EMP_0620,59,Female,34,Finance,Manager,4865,14,7,3,2,3,3,5,Yes,35,4,1,1,0
EMP_0621,28,Other,42,Finance,Agent,2777,18,7,4,4,3,2,4,Yes,34,2,0,0,0
EMP_0622,57,Male,48,Informatique,Agent,3104,25,0,2,4,1,4,4,No,21,4,0,0,0
EMP_0623,47,Other,18,Marketing,Agent,3238,20,3,5,3,5,5,4,Yes,36,5,0,0,0
EMP_0624,60,Male,9,Finance,Agent,2911,22,7,2,2,1,4,2,No,15,2,1,1,0
EMP_0625,55,Male,44,Finance,Agent,2947,14,3,2,5,2,1,2,No,24,4,0,0,1
EMP_0626,29,Female,4,Informatique,Agent,3048,14,5,5,5,4,2,2,No,1,2,0,0,0
EMP_0627,29,Other,32,Finance,Manager,5189,20,0,6,5,3,1,4,No,17,2,0,0,0
EMP_0628,30,Female,20,Informatique,Agent,3282,14,9,0,2,1,5,1,No,7,3,0,0,1
EMP_0629,40,Female,7,Informatique,Manager,4537,12,6,3,1,2,4,5,No,20,3,0,1,0
EMP_0630,39,Female,10,Finance,Manager,4394,17,9,4,1,3,3,2,No,6,5,0,1,1
EMP_0631,23,Female,3,Marketing,Agent,2885,16,0,5,4,1,4,1,No,8,5,0,0,1
EMP_0632,35,Other,11,Informatique,Manager,4257,25,9,2,4,2,2,2,No,5,5,0,0,0
EMP_0633,22,Female,46,Marketing,Agent,2567,17,0,5,1,2,2,4,No,20,4,0,0,1
EMP_0634,35,Male,16,Informatique,Agent,3275,20,15,6,1,4,1,2,Yes,13,4,0,0,0
EMP_0635,33,Female,8,Marketing,Agent,2676,23,3,3,1,5,5,3,Yes,17,5,1,1,0
EMP_0636,60,Male,1,Marketing,Agent,3193,24,14,6,5,4,1,1,Yes,22,5,1,0,0
EMP_0637,34,Female,35,Marketing,Manager,4803,20,5,2,1,5,4,5,No,29,5,1,0,0
EMP_0638,52,Other,17,Informatique,Agent,3036,12,3,3,4,5,4,2,No,22,4,1,1,0
EMP_0639,48,Male,2,Informatique,Agent,3308,12,2,6,1,5,4,4,Yes,31,4,1,1,0
EMP_0640,25,Male,20,Marketing,Agent,2606,11,4,1,3,3,1,2,No,16,3,1,0,0
EMP_0641,47,Male,46,Informatique,Manager,4169,17,4,1,2,5,2,3,No,19,3,1,1,0
EMP_0642,57,Other,21,Finance,Agent,3253,25,5,3,1,1,4,2,Yes,22,5,1,1,1
EMP_0643,56,Other,26,Informatique,Agent,2697,11,8,1,2,5,5,4,No,18,3,0,0,1
EMP_0644,37,Female,28,Finance,Agent,3293,12,14,5,3,2,4,5,No,21,4,0,0,0
EMP_0645,34,Female,1,Finance,Agent,3013,17,14,0,5,2,5,3,Yes,22,2,0,0,0
EMP_0646,39,Female,18,Marketing,Agent,3049,17,8,6,1,3,2,4,No,5,5,0,0,0
EMP_0647,44,Other,30,Marketing,Agent,2615,19,0,1,5,5,4,5,Yes,33,2,0,0,1
EMP_0648,39,Other,45,Finance,Agent,3105,13,7,0,4,5,2,4,Yes,32,2,1,1,1
EMP_0649,37,Other,28,Marketing,Agent,2587,14,16,4,4,2,3,1,Yes,17,2,1,0,1
EMP_0650,48,Female,42,Marketing,Agent,2803,12,19,6,5,4,4,5,Yes,21,2,1,1,1
EMP_0651,48,Other,30,Marketing,Agent,2717,17,0,3,2,1,2,2,No,18,2,1,1,1
EMP_0652,30,Female,37,Finance,Agent,3075,20,3,4,2,5,2,2,Yes,15,5,1,1,1
EMP_0653,55,Male,50,Marketing,Agent,2944,17,17,0,5,5,5,2,No,9,4,0,0,1
EMP_0654,38,Other,8,Informatique,Agent,3037,21,5,1,4,4,5,4,No,0,2,0,0,0
EMP_0655,37,Female,48,Informatique,Agent,2832,12,3,6,3,1,5,2,No,30,2,0,0,0
EMP_0656,24,Female,8,Marketing,Agent,3343,15,3,1,1,4,5,1,Yes,32,3,1,1,1
EMP_0657,22,Female,24,Informatique,Agent,3281,23,2,3,2,1,1,1,No,3,5,1,1,1
EMP_0658,37,Female,42,Finance,Agent,3163,22,3,1,4,1,5,3,No,24,4,1,1,1
EMP_0659,31,Male,22,Marketing,Agent,2576,14,11,4,5,5,1,1,Yes,24,2,0,1,0
EMP_0660,35,Male,7,Informatique,Agent,2577,14,1,2,4,2,3,4,Yes,5,4,0,0,0
EMP_0661,36,Female,28,Informatique,Agent,3262,23,5,2,3,4,4,2,Yes,9,2,0,0,0
EMP_0662,30,Other,1,Informatique,Manager,4811,22,10,3,4,2,5,2,Yes,20,4,0,0,1
EMP_0663,46,Other,30,Finance,Agent,2995,17,8,2,5,2,2,3,Yes,36,2,0,0,0
EMP_0664,30,Other,6,Finance,Agent,2590,12,0,1,5,5,1,3,No,18,4,0,0,0
EMP_0665,52,Male,34,Informatique,Agent,3235,12,19,1,3,2,4,4,No,4,3,0,0,0
EMP_0666,54,Male,11,Informatique,Agent,2637,22,5,6,3,3,3,5,No,16,3,0,0,1
EMP_0667,40,Female,13,Marketing,Agent,2934,18,6,1,2,1,4,1,Yes,20,4,1,1,0
EMP_0668,57,Other,20,Informatique,Agent,3295,11,18,1,1,4,5,2,Yes,31,2,0,0,1
EMP_0669,53,Female,5,Marketing,Agent,2865,20,17,4,5,2,3,1,No,1,3,0,0,0
EMP_0670,25,Other,9,Marketing,Agent,2929,13,1,6,4,5,2,4,No,4,2,1,0,1
EMP_0671,28,Male,32,Informatique,Manager,4900,17,1,6,1,1,3,3,Yes,13,4,1,0,0
EMP_0672,47,Other,18,Informatique,Agent,3200,16,19,5,4,4,5,2,Yes,30,3,1,1,0
EMP_0673,36,Male,18,Marketing,Agent,2658,24,10,0,4,3,2,2,No,9,4,0,0,0
EMP_0674,37,Male,13,Marketing,Agent,2877,24,8,0,5,3,3,1,Yes,35,3,0,0,1
EMP_0675,59,Male,45,Finance,Agent,2591,21,0,1,2,1,4,4,No,30,5,1,0,1
EMP_0676,46,Other,5,Finance,Agent,2722,14,19,0,5,3,3,5,Yes,20,3,0,0,0
EMP_0677,36,Male,10,Informatique,Agent,3134,25,9,4,5,5,1,4,Yes,17,2,0,0,1
EMP_0678,52,Female,29,Finance,Agent,3309,15,6,2,5,1,3,4,Yes,34,3,1,1,0
EMP_0679,46,Male,38,Marketing,Agent,2988,16,3,0,1,5,3,2,No,14,5,0,1,1
EMP_0680,54,Female,18,Informatique,Agent,2932,14,3,4,3,1,5,5,No,4,3,0,0,0
EMP_0681,54,Male,35,Marketing,Agent,2956,18,15,1,2,4,4,2,Yes,15,2,0,1,1
EMP_0682,40,Other,26,Finance,Agent,2635,22,11,1,5,5,4,2,No,29,4,0,0,1
EMP_0683,28,Female,29,Marketing,Agent,3332,18,4,0,3,5,2,3,No,16,3,0,0,1
EMP_0684,60,Female,12,Finance,Agent,2567,25,2,5,5,2,1,4,Yes,34,3,1,1,0
EMP_0685,38,Male,14,Finance,Agent,2593,16,3,2,3,2,1,2,No,5,3,0,0,1
EMP_0686,45,Male,23,Marketing,Agent,3061,13,7,6,5,5,2,2,Yes,29,3,0,0,0
EMP_0687,23,Male,33,Marketing,Agent,3153,25,0,5,4,5,1,4,Yes,31,3,1,1,1
EMP_0688,22,Other,47,Finance,Agent,2847,23,1,0,2,1,1,1,No,9,2,1,1,1
EMP_0689,58,Other,18,Informatique,Agent,3047,21,1,1,3,4,2,5,Yes,34,5,1,1,0
EMP_0690,47,Female,41,Marketing,Agent,3180,19,13,5,5,2,4,4,No,5,5,0,0,0
EMP_0691,35,Female,6,Finance,Agent,3300,15,4,3,2,3,4,3,No,30,3,0,0,0
EMP_0692,24,Female,15,Informatique,Manager,4405,18,0,6,5,1,1,1,No,19,5,0,0,1
EMP_0693,46,Male,29,Marketing,Agent,3283,18,19,4,5,3,3,4,No,27,3,0,0,1
EMP_0694,45,Male,2,Marketing,Agent,2915,18,0,0,3,4,4,2,No,10,4,0,0,1
EMP_0695,25,Male,33,Marketing,Manager,5398,21,5,3,2,1,5,2,No,2,4,0,0,0
EMP_0696,32,Female,30,Informatique,Manager,5038,22,9,3,2,4,3,3,No,21,3,1,1,1
EMP_0697,24,Other,38,Informatique,Agent,3061,21,0,5,1,3,2,1,Yes,27,2,0,0,0
EMP_0698,47,Female,29,Finance,Agent,2637,14,18,5,1,2,3,1,Yes,19,3,0,1,0
EMP_0699,50,Female,16,Informatique,Agent,3286,15,18,4,3,5,5,2,No,22,4,0,0,0
EMP_0700,39,Other,9,Informatique,Manager,4128,19,9,0,3,1,1,4,No,30,4,0,0,1
EMP_0701,27,Female,45,Informatique,Agent,3084,11,0,3,4,2,3,1,No,27,4,0,0,1
EMP_0702,23,Other,17,Informatique,Manager,4510,23,3,6,2,5,3,4,Yes,34,3,1,1,1
EMP_0703,31,Male,35,Informatique,Agent,2831,24,0,5,5,5,4,4,No,25,4,1,1,0
EMP_0704,41,Female,41,Finance,Agent,2950,12,20,3,5,4,3,2,No,14,5,0,0,1
EMP_0705,59,Other,50,Marketing,Agent,3081,12,13,1,4,2,3,4,No,28,3,0,0,1
EMP_0706,52,Male,17,Marketing,Agent,2560,18,16,2,1,5,5,1,Yes,31,5,0,0,0
EMP_0707,54,Male,28,Finance,Agent,3274,13,7,0,3,4,3,2,No,19,4,0,0,1
EMP_0708,46,Female,33,Finance,Manager,4342,16,19,3,1,5,5,1,Yes,25,2,1,1,1
EMP_0709,27,Female,24,Marketing,Manager,4079,20,3,4,1,1,5,1,No,21,3,0,0,1
EMP_0710,26,Male,1,Informatique,Agent,2659,19,3,3,3,3,5,5,Yes,30,2,1,1,0
EMP_0711,47,Female,41,Informatique,Agent,2691,11,16,0,1,4,5,4,No,10,2,0,0,1
EMP_0712,43,Male,50,Finance,Manager,4659,22,2,5,5,3,5,4,No,19,3,0,0,0
EMP_0713,22,Male,35,Finance,Agent,2699,24,0,3,5,2,3,2,No,22,5,1,0,1
EMP_0714,30,Other,12,Finance,Agent,2674,24,7,0,3,1,1,4,Yes,12,3,1,1,1
EMP_0715,34,Male,39,Marketing,Agent,2829,22,13,4,3,2,3,2,No,27,2,1,1,1
EMP_0716,52,Female,19,Finance,Agent,3028,12,17,1,5,5,5,4,No,26,2,0,0,1
EMP_0717,38,Male,29,Finance,Agent,2602,18,8,0,4,1,2,1,Yes,31,2,1,0,1
EMP_0718,48,Male,35,Marketing,Agent,2667,16,5,3,5,2,1,3,No,3,4,1,0,0
EMP_0719,54,Other,9,Informatique,Agent,2914,18,18,4,3,5,4,5,Yes,30,4,1,1,0
EMP_0720,60,Other,29,Informatique,Agent,2733,25,13,6,1,2,4,3,Yes,35,4,0,0,1
EMP_0721,36,Female,2,Finance,Agent,2964,18,4,5,4,1,2,1,No,18,4,1,1,1
EMP_0722,54,Male,33,Marketing,Agent,3279,16,1,0,5,2,2,4,Yes,15,5,0,0,1
EMP_0723,50,Male,37,Finance,Agent,2692,18,9,2,2,5,4,1,Yes,23,3,1,1,1
EMP_0724,29,Female,44,Marketing,Agent,3349,24,1,5,3,4,5,3,No,3,5,0,0,0
EMP_0725,32,Female,23,Finance,Agent,2929,11,11,1,4,2,4,1,Yes,35,5,1,1,1
EMP_0726,26,Male,24,Informatique,Agent,2721,14,1,2,4,4,1,5,Yes,19,5,1,1,0
EMP_0727,24,Female,38,Informatique,Agent,3142,24,0,3,3,2,3,2,Yes,29,2,1,1,1
EMP_0728,32,Other,8,Marketing,Agent,3322,13,9,0,3,4,2,1,No,6,5,0,0,1
EMP_0729,47,Other,9,Marketing,Agent,2978,13,9,0,2,3,1,1,Yes,21,3,1,1,1
EMP_0730,28,Female,24,Marketing,Agent,3298,24,6,0,1,1,3,5,Yes,11,4,0,0,1
EMP_0731,54,Male,34,Informatique,Agent,2524,18,18,3,5,4,2,1,No,0,3,1,0,0
EMP_0732,58,Male,2,Marketing,Agent,2927,19,7,1,1,3,5,3,Yes,31,2,0,0,0
EMP_0733,36,Male,33,Informatique,Agent,2934,10,14,0,1,2,4,1,Yes,12,5,1,1,1
EMP_0734,24,Other,10,Finance,Agent,3193,25,1,6,1,2,1,1,No,22,3,1,0,1
EMP_0735,25,Male,25,Marketing,Agent,3359,21,1,4,3,1,3,5,Yes,27,5,0,0,0
EMP_0736,50,Female,23,Finance,Agent,2677,24,9,5,1,4,1,1,No,10,4,0,0,1
EMP_0737,29,Other,19,Finance,Agent,3351,13,1,4,2,1,1,1,Yes,26,4,1,1,1
EMP_0738,31,Male,7,Marketing,Agent,2808,25,2,5,2,1,2,1,Yes,35,5,0,0,1
EMP_0739,33,Other,39,Marketing,Agent,3134,16,13,4,4,2,4,2,No,24,5,1,0,1
EMP_0740,47,Male,16,Marketing,Agent,2598,12,11,0,1,5,3,4,No,4,3,1,1,1
EMP_0741,43,Other,3,Finance,Agent,2902,12,12,3,4,4,4,5,No,22,5,0,0,0
EMP_0742,58,Female,28,Marketing,Agent,3207,18,9,3,5,4,1,4,No,4,4,0,0,0
EMP_0743,60,Female,14,Informatique,Manager,4872,21,18,4,5,3,2,4,No,18,2,1,0,1
EMP_0744,33,Female,6,Marketing,Agent,3316,16,0,1,4,1,3,5,No,28,2,0,1,1
EMP_0745,54,Male,46,Finance,Agent,2954,19,14,4,3,3,3,1,Yes,30,2,0,0,0
EMP_0746,44,Female,42,Informatique,Agent,3084,14,20,4,2,2,5,3,Yes,16,5,1,0,1
EMP_0747,42,Male,27,Informatique,Agent,3239,25,20,0,3,1,1,4,Yes,42,3,0,0,1
EMP_0748,54,Other,28,Informatique,Agent,2533,21,10,4,3,3,5,2,Yes,38,3,1,0,0
EMP_0749,22,Female,29,Finance,Agent,3205,20,2,5,3,3,1,4,No,9,4,0,0,0
EMP_0750,51,Female,32,Informatique,Manager,5225,22,13,5,1,5,2,5,Yes,39,4,1,1,1
EMP_0751,26,Other,16,Marketing,Agent,2661,15,0,0,3,5,1,2,No,22,3,0,0,1
EMP_0752,54,Other,16,Informatique,Agent,3308,14,8,5,2,1,2,3,No,0,2,0,0,0
EMP_0753,60,Other,2,Informatique,Agent,2703,12,9,3,1,3,2,3,No,6,2,0,0,1
EMP_0754,39,Other,14,Informatique,Agent,3325,20,18,6,4,5,1,1,No,27,5,0,0,1
EMP_0755,37,Male,28,Marketing,Agent,3242,10,7,1,3,4,1,5,No,18,3,0,1,1
EMP_0756,26,Male,24,Marketing,Agent,3200,17,0,0,2,1,4,2,No,26,2,1,1,1
EMP_0757,23,Female,28,Finance,Agent,3128,11,2,5,5,4,4,5,Yes,15,2,0,0,0
EMP_0758,59,Female,15,Marketing,Agent,2540,25,13,2,5,3,2,2,No,21,5,1,0,1
EMP_0759,59,Other,6,Marketing,Agent,2531,13,10,1,2,3,2,3,No,17,4,0,0,1
EMP_0760,44,Male,8,Finance,Manager,4273,24,11,4,5,4,1,2,No,26,4,0,0,0
EMP_0761,31,Female,30,Informatique,Agent,2884,20,4,6,1,1,4,4,Yes,15,5,1,1,0
EMP_0762,53,Male,19,Finance,Agent,2689,15,3,6,1,2,2,1,No,4,5,0,0,1
EMP_0763,44,Other,15,Marketing,Agent,2724,12,14,2,1,3,1,4,No,18,4,1,1,0
EMP_0764,31,Female,2,Informatique,Agent,3272,21,8,4,2,1,1,4,No,26,3,1,0,1
EMP_0765,39,Female,50,Finance,Agent,2675,14,1,5,5,2,4,2,Yes,25,2,1,1,1
EMP_0766,31,Other,28,Marketing,Manager,4927,22,11,2,1,2,4,5,No,7,2,0,0,0
EMP_0767,54,Other,39,Informatique,Manager,5120,11,14,6,2,2,3,4,No,20,2,1,1,1
EMP_0768,59,Female,39,Finance,Manager,4081,21,18,4,1,4,5,2,No,21,3,1,1,0
EMP_0769,58,Male,39,Informatique,Agent,3173,23,4,5,4,1,3,2,Yes,16,4,1,0,1
EMP_0770,39,Male,47,Finance,Manager,5135,12,16,0,1,1,4,2,No,0,2,0,0,1
EMP_0771,30,Female,47,Finance,Agent,3113,20,5,3,3,3,5,3,No,4,5,1,0,1
EMP_0772,35,Male,22,Finance,Agent,2934,25,8,0,1,2,4,3,No,29,4,1,0,1
EMP_0773,23,Male,49,Informatique,Manager,4867,16,1,5,2,4,4,4,No,15,3,0,0,0
EMP_0774,38,Female,21,Informatique,Agent,2926,19,8,4,2,4,3,4,Yes,7,2,1,0,0
EMP_0775,58,Male,18,Finance,Agent,2792,10,4,1,2,5,4,4,No,19,3,1,1,0
EMP_0776,29,Male,42,Marketing,Manager,4517,24,5,1,2,1,3,1,No,21,2,0,0,1
EMP_0777,51,Female,4,Finance,Agent,2643,21,9,2,1,2,2,3,No,25,4,0,0,0
EMP_0778,22,Male,6,Marketing,Manager,5055,17,2,6,4,4,3,4,No,28,4,1,1,0
EMP_0779,56,Other,38,Marketing,Agent,2751,12,19,3,1,3,2,3,No,17,2,1,0,0
EMP_0780,39,Other,30,Informatique,Agent,3235,10,12,3,1,2,4,3,No,28,3,1,1,1
EMP_0781,57,Other,11,Marketing,Agent,2790,17,0,5,4,2,1,1,No,24,4,0,0,0
EMP_0782,45,Other,6,Marketing,Agent,3123,11,9,6,5,4,4,5,Yes,13,2,0,0,0
EMP_0783,52,Female,47,Marketing,Agent,3156,13,12,6,1,2,2,1,Yes,32,5,0,1,1
EMP_0784,56,Male,10,Finance,Agent,2828,19,1,5,4,2,2,4,Yes,26,3,1,0,1
EMP_0785,41,Other,28,Marketing,Agent,2979,21,16,1,3,4,3,1,No,8,2,0,0,1
EMP_0786,38,Other,13,Finance,Agent,3353,10,4,4,5,1,4,4,Yes,28,4,1,1,0
EMP_0787,39,Other,1,Marketing,Agent,2859,24,12,2,3,2,1,5,No,20,4,0,0,1
EMP_0788,34,Female,43,Finance,Agent,2912,21,9,4,1,4,3,3,No,14,2,0,0,0
EMP_0789,56,Other,2,Finance,Agent,3050,20,15,5,3,5,4,1,Yes,25,2,0,0,1
EMP_0790,25,Male,33,Marketing,Manager,4229,24,5,1,3,4,5,3,No,5,5,0,0,0
EMP_0791,32,Male,22,Informatique,Agent,2537,20,11,6,5,5,1,1,Yes,30,2,1,1,1
EMP_0792,38,Male,21,Informatique,Agent,2908,24,15,1,3,2,2,2,Yes,17,4,1,1,0
EMP_0793,47,Male,13,Informatique,Agent,2976,22,17,2,3,2,3,2,Yes,19,5,0,0,1
EMP_0794,29,Female,35,Marketing,Agent,2740,14,2,0,1,3,4,3,No,4,4,0,0,1
EMP_0795,60,Other,4,Finance,Agent,2588,10,7,5,2,1,3,4,Yes,33,2,0,1,1
EMP_0796,56,Male,45,Informatique,Agent,3015,20,4,5,1,5,1,2,No,12,4,0,1,0
EMP_0797,38,Other,3,Marketing,Manager,4058,20,7,4,5,2,1,3,Yes,8,5,1,0,0
EMP_0798,33,Other,39,Marketing,Agent,2621,20,6,2,2,2,1,1,No,19,2,1,1,1
EMP_0799,42,Male,26,Informatique,Manager,4865,12,13,4,4,3,1,4,Yes,26,4,1,1,1
EMP_0800,47,Male,4,Finance,Agent,3095,22,13,2,2,4,2,4,No,22,3,1,0,1
EMP_0801,28,Male,6,Finance,Agent,2692,25,5,6,3,1,1,1,No,4,3,0,0,1
EMP_0802,59,Male,30,Informatique,Agent,3017,21,4,1,2,4,5,1,Yes,20,4,1,0,1
EMP_0803,45,Other,39,Finance,Agent,3102,20,16,3,4,1,3,5,Yes,33,3,1,1,1
EMP_0804,27,Female,38,Marketing,Agent,3130,16,7,6,2,3,2,5,Yes,13,5,1,1,1
EMP_0805,37,Male,12,Finance,Agent,2786,17,10,0,5,1,5,5,No,6,2,1,0,1
EMP_0806,24,Male,41,Informatique,Agent,3316,10,2,5,4,5,1,2,Yes,22,5,1,1,1
EMP_0807,33,Female,41,Marketing,Agent,3213,20,8,5,3,5,2,2,No,6,3,0,0,0
EMP_0808,59,Male,1,Marketing,Agent,2714,20,16,3,1,5,4,2,No,11,4,1,0,1
EMP_0809,28,Male,24,Informatique,Manager,4329,14,7,3,5,3,3,3,Yes,17,4,1,1,1
EMP_0810,59,Female,34,Marketing,Agent,3312,22,20,5,2,2,1,5,Yes,32,2,1,1,0
EMP_0811,47,Female,18,Informatique,Manager,5220,12,0,5,1,3,4,3,No,12,3,0,0,0
EMP_0812,33,Other,33,Finance,Agent,3321,23,1,3,3,3,1,3,No,29,5,1,0,0
EMP_0813,42,Male,25,Marketing,Agent,3160,10,14,2,4,1,1,4,No,3,2,0,0,1
EMP_0814,31,Other,29,Marketing,Manager,4101,21,7,0,4,4,1,2,Yes,21,2,1,1,1
EMP_0815,24,Female,45,Marketing,Manager,5360,14,3,6,1,5,5,1,Yes,43,4,1,1,1
EMP_0816,24,Other,27,Informatique,Agent,2863,14,4,2,5,3,5,1,Yes,10,3,0,0,1
EMP_0817,56,Male,17,Marketing,Agent,3236,19,5,1,4,5,4,4,No,13,5,0,0,0
EMP_0818,41,Other,47,Informatique,Agent,2866,18,10,5,1,3,4,3,No,2,2,0,0,0
EMP_0819,23,Female,13,Finance,Agent,3166,24,2,5,5,3,4,5,No,21,4,1,1,0
EMP_0820,31,Female,23,Finance,Manager,4618,25,4,2,4,1,4,4,No,9,5,0,0,0
EMP_0821,23,Male,40,Finance,Agent,3125,24,0,2,4,4,2,2,Yes,16,2,1,1,1
EMP_0822,33,Male,24,Marketing,Manager,5288,18,6,4,1,4,1,5,Yes,33,5,0,1,1
EMP_0823,52,Male,33,Informatique,Agent,3049,22,0,6,3,3,3,2,Yes,42,3,1,1,1
EMP_0824,48,Female,13,Informatique,Agent,3097,21,0,0,3,4,5,4,Yes,11,3,0,0,1
EMP_0825,36,Other,8,Informatique,Agent,2929,19,3,3,3,1,2,4,Yes,39,5,1,1,0
EMP_0826,47,Male,37,Marketing,Agent,3351,20,14,1,5,2,1,2,No,19,2,1,0,1
EMP_0827,24,Female,22,Finance,Agent,3042,14,3,2,1,4,2,2,Yes,28,2,1,1,0
EMP_0828,40,Other,5,Informatique,Agent,2528,21,8,1,5,5,1,4,No,22,2,1,0,1
EMP_0829,24,Other,12,Marketing,Agent,3329,24,2,6,5,2,1,5,No,0,3,0,1,0
EMP_0830,60,Male,33,Informatique,Manager,4081,11,2,6,4,1,2,1,No,26,5,0,0,1
EMP_0831,57,Male,5,Informatique,Agent,2939,22,8,5,3,5,5,2,No,28,2,0,0,0
EMP_0832,36,Male,42,Finance,Agent,2736,24,11,0,4,4,4,2,Yes,26,2,0,0,1
EMP_0833,41,Female,30,Informatique,Agent,2537,22,6,0,5,1,2,4,Yes,20,4,1,1,0
EMP_0834,38,Female,50,Informatique,Manager,4767,25,4,2,4,3,4,3,No,4,3,0,0,0
EMP_0835,56,Female,38,Informatique,Agent,2913,21,5,4,5,3,4,2,Yes,5,4,0,0,0
EMP_0836,54,Female,6,Marketing,Agent,3046,16,16,4,4,1,2,2,No,16,5,1,0,1
EMP_0837,46,Female,26,Marketing,Agent,3164,17,5,2,4,5,3,4,No,30,4,0,1,0
EMP_0838,31,Male,49,Finance,Agent,3259,13,2,2,5,5,2,3,Yes,17,3,0,1,1
EMP_0839,28,Female,7,Informatique,Manager,5329,23,1,0,4,5,3,1,Yes,15,3,1,1,1
EMP_0840,48,Other,28,Informatique,Agent,3039,18,16,5,3,1,1,3,No,2,2,0,0,1
EMP_0841,31,Female,47,Finance,Manager,5130,12,7,3,1,5,5,2,No,25,5,1,1,1
EMP_0842,58,Male,1,Finance,Agent,3086,16,11,6,4,3,4,5,No,14,5,0,0,0
EMP_0843,51,Male,18,Informatique,Agent,2875,12,11,3,4,1,5,2,No,14,5,1,1,1
EMP_0844,42,Other,10,Finance,Agent,2821,21,11,6,1,3,3,3,Yes,27,3,1,1,0
EMP_0845,60,Female,19,Finance,Agent,2831,11,2,2,5,3,3,4,No,6,5,0,0,0
EMP_0846,40,Male,10,Finance,Agent,3099,14,13,0,3,4,1,3,Yes,41,3,1,0,0
EMP_0847,49,Male,25,Marketing,Agent,2617,10,9,2,2,3,1,4,Yes,27,5,0,0,1
EMP_0848,50,Male,46,Marketing,Manager,5147,11,18,5,4,1,1,4,Yes,40,5,1,0,1
EMP_0849,33,Female,5,Marketing,Agent,2782,16,2,1,5,3,3,2,No,28,2,0,0,0
EMP_0850,27,Female,6,Finance,Agent,3065,13,5,2,4,2,1,1,No,12,5,0,0,1
EMP_0851,59,Female,26,Informatique,Agent,3073,22,20,3,4,3,3,1,Yes,35,3,1,1,1
EMP_0852,43,Female,49,Finance,Manager,4516,18,9,6,2,1,1,1,No,23,5,1,0,1
EMP_0853,24,Male,39,Informatique,Manager,5101,15,3,3,1,2,2,2,No,21,2,1,0,1
EMP_0854,42,Other,26,Informatique,Agent,2544,20,6,5,4,4,2,1,No,20,5,0,0,1
EMP_0855,47,Female,50,Finance,Agent,3159,18,8,6,3,2,3,4,Yes,36,2,1,0,1
EMP_0856,49,Other,17,Informatique,Agent,2857,20,14,5,3,3,5,1,Yes,27,5,1,1,0
EMP_0857,43,Male,2,Informatique,Agent,2600,15,4,3,5,4,3,5,Yes,32,5,1,0,0
EMP_0858,30,Other,17,Marketing,Agent,2592,24,6,3,5,1,2,2,Yes,19,2,0,0,1
EMP_0859,35,Male,8,Finance,Agent,2962,25,8,1,1,1,4,3,Yes,22,3,1,1,0
EMP_0860,35,Female,34,Finance,Agent,3348,10,0,3,2,1,4,5,Yes,31,5,1,1,0
EMP_0861,28,Female,35,Informatique,Manager,4782,18,7,1,4,3,4,3,Yes,39,3,0,0,0
EMP_0862,29,Other,38,Finance,Agent,3236,25,3,3,2,4,4,1,No,13,4,1,0,1
EMP_0863,32,Other,39,Marketing,Agent,2627,18,4,2,4,1,3,1,No,0,3,1,0,0
EMP_0864,33,Female,18,Informatique,Agent,3169,21,2,4,4,5,3,5,No,9,3,1,1,1
EMP_0865,49,Female,32,Informatique,Agent,3188,19,0,2,4,4,4,4,Yes,37,2,0,0,0
EMP_0866,58,Male,28,Informatique,Agent,2884,15,18,0,5,2,2,5,No,25,4,1,1,1
EMP_0867,42,Other,21,Informatique,Agent,3030,23,15,0,3,4,5,4,No,13,4,0,0,1
EMP_0868,48,Other,34,Finance,Agent,2763,20,16,6,3,5,2,1,No,10,2,0,0,1
EMP_0869,44,Male,50,Informatique,Agent,2959,13,16,6,4,5,5,4,Yes,39,4,0,0,0
EMP_0870,37,Female,44,Informatique,Agent,2763,20,2,0,4,2,4,4,No,15,4,0,0,1
EMP_0871,46,Female,8,Finance,Agent,2936,24,19,4,2,2,2,1,Yes,26,2,0,1,1
EMP_0872,50,Other,23,Marketing,Agent,2631,17,8,6,5,5,1,3,No,13,2,1,0,1
EMP_0873,40,Other,20,Marketing,Agent,3093,15,18,2,1,5,2,2,No,15,2,1,1,1
EMP_0874,27,Male,11,Finance,Agent,2560,12,5,2,1,1,1,1,Yes,35,3,1,1,1
EMP_0875,40,Female,19,Informatique,Agent,3175,12,17,1,4,2,1,3,No,4,2,0,0,1
EMP_0876,28,Female,36,Informatique,Agent,2575,22,2,2,5,4,4,3,No,8,3,0,0,1
EMP_0877,40,Female,27,Marketing,Agent,2857,16,20,2,2,5,4,3,No,25,2,1,1,0
EMP_0878,32,Male,31,Marketing,Agent,3205,13,7,5,5,2,4,4,No,29,3,1,1,1
EMP_0879,51,Male,23,Informatique,Manager,4233,16,14,6,3,3,1,4,No,11,3,0,0,0
EMP_0880,35,Female,44,Informatique,Agent,3134,16,4,4,5,2,3,3,Yes,42,2,0,0,0
EMP_0881,56,Other,46,Marketing,Agent,3175,12,4,3,3,3,5,1,No,21,5,0,0,0
EMP_0882,36,Female,8,Marketing,Agent,3014,14,15,2,4,3,5,2,Yes,29,4,0,0,0
EMP_0883,22,Male,49,Informatique,Agent,3282,21,1,1,1,2,1,5,Yes,44,3,1,1,0
EMP_0884,22,Other,20,Informatique,Agent,2801,10,0,5,3,1,1,5,Yes,17,4,1,1,1
EMP_0885,22,Other,41,Informatique,Agent,3047,11,2,2,2,1,4,2,No,6,2,1,1,1
EMP_0886,25,Male,10,Finance,Agent,3018,14,4,5,1,4,2,5,No,16,2,1,1,0
EMP_0887,35,Male,48,Finance,Agent,2811,25,8,1,4,3,1,1,Yes,34,3,1,1,0
EMP_0888,24,Other,15,Informatique,Agent,3290,18,3,1,4,5,3,4,Yes,21,2,1,1,1
EMP_0889,48,Other,46,Informatique,Agent,3008,19,15,5,1,3,4,3,Yes,33,5,1,1,0
EMP_0890,44,Male,35,Marketing,Agent,3169,10,8,3,4,2,2,1,No,1,3,1,0,1
EMP_0891,23,Other,14,Finance,Agent,2668,18,0,1,4,1,3,4,Yes,34,3,1,1,0
EMP_0892,60,Male,33,Marketing,Agent,3236,12,4,5,3,3,1,2,No,3,5,1,0,1
EMP_0893,48,Other,50,Informatique,Agent,2545,24,10,2,4,2,1,1,No,10,2,0,0,1
EMP_0894,26,Other,48,Finance,Agent,2818,14,6,5,3,5,5,4,No,1,2,0,0,0
EMP_0895,49,Other,20,Finance,Agent,3278,12,20,4,2,3,2,3,No,26,3,1,1,0
EMP_0896,59,Other,10,Marketing,Manager,4319,18,11,6,3,5,1,4,Yes,27,2,0,1,1
EMP_0897,42,Male,19,Finance,Manager,5288,13,4,0,3,4,4,1,No,8,3,0,0,0
EMP_0898,34,Male,22,Finance,Manager,4660,21,4,2,3,2,2,3,Yes,11,4,1,0,0
EMP_0899,30,Other,38,Finance,Agent,2586,24,1,5,5,2,3,1,Yes,30,4,0,0,0
EMP_0900,36,Male,6,Marketing,Agent,3247,19,13,4,4,5,5,4,Yes,18,3,0,1,0
EMP_0901,45,Other,18,Marketing,Manager,5065,19,16,1,2,2,1,3,No,20,4,1,1,1
EMP_0902,57,Other,34,Finance,Agent,3281,19,16,1,1,5,5,5,Yes,44,4,1,0,0
EMP_0903,34,Male,11,Marketing,Agent,2971,19,1,0,1,1,1,1,Yes,16,2,1,1,1
EMP_0904,56,Male,27,Informatique,Manager,4613,15,14,5,1,5,2,2,No,5,3,0,0,0
EMP_0905,31,Female,2,Marketing,Agent,2690,20,1,1,4,1,4,5,No,23,2,1,0,1
EMP_0906,52,Female,6,Marketing,Manager,5142,17,0,1,3,1,2,1,Yes,38,3,0,1,1
EMP_0907,37,Female,7,Finance,Agent,2998,18,3,0,2,3,5,1,No,20,4,1,0,0
EMP_0908,33,Other,45,Finance,Manager,4446,10,4,2,4,1,5,5,Yes,24,3,1,1,0
EMP_0909,52,Other,13,Marketing,Agent,3123,10,9,2,5,4,4,3,No,18,5,1,1,0
EMP_0910,22,Female,19,Informatique,Manager,4532,15,2,0,2,5,1,4,Yes,19,3,0,1,0
EMP_0911,44,Male,42,Informatique,Agent,3354,14,18,4,2,3,5,1,No,17,3,1,1,0
EMP_0912,55,Male,41,Marketing,Agent,3224,11,3,3,2,1,3,5,Yes,24,2,1,1,0
EMP_0913,39,Male,11,Marketing,Agent,2586,25,0,2,1,5,5,2,No,19,3,1,1,1
EMP_0914,31,Female,46,Marketing,Agent,2644,24,11,2,1,1,4,4,Yes,29,5,0,1,0
EMP_0915,23,Male,16,Informatique,Manager,5169,22,2,6,1,5,1,4,Yes,30,4,0,0,0
EMP_0916,53,Male,25,Informatique,Agent,2589,18,14,3,5,2,4,4,Yes,29,5,1,1,0
EMP_0917,40,Other,45,Informatique,Agent,3337,23,15,6,5,1,3,5,Yes,19,4,1,0,1
EMP_0918,59,Other,47,Finance,Agent,2886,19,16,6,5,5,5,2,Yes,18,5,0,0,0
EMP_0919,57,Other,11,Marketing,Agent,2729,12,10,5,5,5,3,5,No,20,5,1,1,0
EMP_0920,34,Female,29,Informatique,Agent,2709,18,9,2,3,1,2,2,No,16,2,1,1,1
EMP_0921,42,Female,5,Marketing,Manager,4187,17,5,5,5,1,1,2,No,15,4,0,0,1
EMP_0922,52,Other,5,Finance,Agent,3172,24,19,1,4,5,4,3,Yes,25,3,1,1,1
EMP_0923,44,Other,20,Finance,Agent,3011,10,18,4,1,4,4,3,Yes,34,3,1,1,0
EMP_0924,37,Other,46,Finance,Manager,4762,11,15,0,5,5,4,5,Yes,28,4,1,0,0
EMP_0925,22,Other,2,Finance,Manager,4267,12,1,4,1,2,5,4,No,2,3,0,0,0
EMP_0926,55,Female,35,Marketing,Agent,2739,11,5,5,2,2,2,4,No,16,3,1,1,1
EMP_0927,43,Other,12,Marketing,Manager,4475,20,6,0,5,1,1,5,Yes,28,5,1,1,0
EMP_0928,23,Other,48,Finance,Agent,2906,23,2,2,2,3,1,4,Yes,27,3,1,1,0
EMP_0929,51,Male,10,Informatique,Agent,2699,24,4,0,1,2,3,3,Yes,18,3,1,1,1
EMP_0930,25,Male,34,Informatique,Agent,2773,10,0,1,1,1,2,1,Yes,22,2,1,1,1
EMP_0931,37,Other,3,Informatique,Agent,3080,23,13,0,2,3,3,1,Yes,36,3,1,1,0
EMP_0932,56,Female,18,Finance,Agent,3251,19,5,6,2,5,1,2,Yes,9,3,1,1,1
EMP_0933,29,Other,18,Finance,Agent,2824,12,0,6,5,2,4,1,No,27,4,0,0,1
EMP_0934,28,Other,2,Informatique,Agent,2633,12,3,1,5,2,1,2,Yes,31,5,1,0,1
EMP_0935,57,Male,6,Marketing,Agent,2877,10,11,0,1,4,2,4,No,13,2,0,0,1
EMP_0936,33,Male,5,Marketing,Agent,2943,20,13,0,2,1,3,5,Yes,10,4,0,1,0
EMP_0937,34,Female,18,Informatique,Agent,2863,14,0,1,2,5,2,5,No,6,4,1,1,1
EMP_0938,37,Female,20,Finance,Agent,3121,12,15,3,4,2,4,1,No,19,2,0,1,1
EMP_0939,48,Other,32,Finance,Agent,3116,19,14,0,5,3,3,5,Yes,33,4,1,1,1
EMP_0940,34,Other,28,Marketing,Agent,3322,23,7,5,5,4,4,2,No,12,4,1,0,0
EMP_0941,52,Female,40,Informatique,Agent,3058,13,17,2,2,3,2,3,No,15,4,0,0,1
EMP_0942,43,Female,12,Finance,Manager,4670,13,1,2,1,5,2,5,No,1,5,1,1,0
EMP_0943,52,Other,22,Finance,Agent,3127,12,0,1,4,2,4,4,Yes,25,3,0,0,1
EMP_0944,26,Female,47,Finance,Manager,4302,15,2,4,3,3,5,4,No,21,2,1,1,0
EMP_0945,32,Male,34,Informatique,Agent,2814,11,12,6,1,5,5,1,No,0,2,0,0,1
EMP_0946,36,Other,18,Finance,Agent,2684,22,15,3,4,5,5,5,No,22,2,0,0,0
EMP_0947,32,Female,14,Finance,Agent,2657,22,0,5,2,2,1,5,Yes,17,2,0,1,0
EMP_0948,51,Other,24,Finance,Agent,2744,17,12,0,5,5,5,2,No,25,5,1,1,0
EMP_0949,54,Male,33,Finance,Manager,4419,19,10,3,3,3,2,3,No,28,4,0,1,1
EMP_0950,48,Male,45,Marketing,Agent,2618,22,20,1,3,1,1,1,Yes,33,2,1,1,1
EMP_0951,52,Female,17,Finance,Agent,3272,17,15,6,1,5,4,1,No,20,4,1,1,0
EMP_0952,59,Male,35,Marketing,Agent,2722,24,11,3,2,1,5,5,No,5,3,0,0,1
EMP_0953,37,Male,39,Finance,Agent,2558,18,16,1,1,1,4,5,Yes,25,5,1,1,0
EMP_0954,32,Female,23,Finance,Agent,2659,18,10,5,3,2,3,3,Yes,30,4,1,1,0
EMP_0955,40,Female,44,Marketing,Agent,2616,21,3,5,4,1,5,5,Yes,12,5,0,0,0
EMP_0956,36,Male,32,Finance,Manager,4679,11,6,5,3,5,5,4,Yes,35,4,1,1,1
EMP_0957,31,Male,30,Marketing,Agent,2555,23,11,1,4,3,1,5,No,29,4,1,0,1
EMP_0958,51,Other,25,Marketing,Agent,2971,16,11,4,2,2,4,2,No,6,5,0,0,0
EMP_0959,22,Other,22,Finance,Agent,2668,24,0,3,5,4,1,5,Yes,33,5,1,1,1
EMP_0960,51,Other,35,Finance,Agent,2645,22,10,3,3,1,3,3,Yes,24,5,1,1,1
EMP_0961,53,Other,36,Marketing,Manager,5083,18,4,1,1,5,4,2,Yes,29,5,1,1,0
EMP_0962,35,Male,24,Informatique,Agent,2846,15,4,4,5,4,2,3,Yes,27,5,1,0,0
EMP_0963,22,Female,8,Finance,Manager,5047,18,1,5,5,3,5,4,Yes,15,3,1,1,1
EMP_0964,26,Male,47,Marketing,Agent,2645,17,0,2,3,4,3,4,Yes,21,2,0,0,0
EMP_0965,42,Male,31,Finance,Agent,2952,17,16,5,4,4,5,3,No,20,4,0,0,0
EMP_0966,56,Male,35,Informatique,Agent,2782,10,20,5,1,3,2,3,Yes,33,5,1,1,0
EMP_0967,49,Other,2,Finance,Agent,2916,22,20,3,4,4,1,4,No,17,2,1,0,0
EMP_0968,36,Male,4,Informatique,Agent,2995,18,11,4,5,5,1,1,No,13,4,1,0,0
EMP_0969,47,Female,12,Finance,Agent,3168,16,10,4,5,3,3,2,No,13,5,0,1,0
EMP_0970,50,Female,23,Marketing,Manager,5015,25,12,4,1,2,5,4,No,17,5,0,0,0
EMP_0971,45,Male,48,Finance,Manager,4526,20,6,6,3,4,1,3,No,25,3,0,0,0
EMP_0972,60,Female,35,Finance,Agent,2892,15,18,0,5,4,3,5,Yes,11,2,0,0,0
EMP_0973,52,Other,37,Finance,Agent,3222,25,16,5,2,1,2,4,No,14,3,0,0,1
EMP_0974,43,Male,25,Finance,Manager,4482,15,8,1,4,4,4,5,No,12,2,0,0,0
EMP_0975,57,Female,22,Marketing,Agent,3008,17,5,0,2,4,1,1,No,28,4,0,0,1
EMP_0976,43,Female,39,Finance,Agent,3273,18,17,0,3,3,1,3,Yes,7,3,1,0,1
EMP_0977,22,Female,47,Marketing,Agent,2811,10,1,5,2,1,5,2,No,3,4,1,0,0
EMP_0978,38,Other,31,Informatique,Agent,3075,14,17,5,5,4,1,3,No,28,2,0,0,1
EMP_0979,22,Male,34,Informatique,Agent,3272,19,1,1,3,3,4,1,No,17,4,1,0,0
EMP_0980,31,Other,30,Marketing,Agent,2756,13,11,3,4,4,3,2,Yes,21,3,0,1,0
EMP_0981,38,Male,6,Finance,Agent,3194,12,16,2,3,1,4,4,No,14,2,1,1,1
EMP_0982,38,Male,33,Finance,Agent,3295,15,14,2,1,1,2,3,No,4,3,0,0,0
EMP_0983,40,Female,6,Finance,Agent,3128,15,6,2,2,1,1,5,Yes,10,3,1,1,1
EMP_0984,31,Female,44,Informatique,Agent,2713,10,2,5,1,3,4,2,Yes,13,3,0,0,0
EMP_0985,23,Female,28,Finance,Agent,2618,21,1,3,1,2,1,1,No,16,5,0,0,0
EMP_0986,30,Female,6,Informatique,Manager,5280,12,9,2,1,4,2,1,Yes,36,4,1,1,1
EMP_0987,30,Male,32,Finance,Agent,3146,18,10,6,1,5,3,1,No,17,5,1,0,0
EMP_0988,38,Female,43,Informatique,Agent,3251,18,1,4,5,5,1,5,Yes,26,2,1,0,0
EMP_0989,39,Female,47,Marketing,Manager,4266,25,10,0,4,1,2,1,Yes,27,5,0,0,1
EMP_0990,26,Other,44,Finance,Manager,4498,17,6,3,5,5,5,5,No,24,4,0,0,1
EMP_0991,25,Other,26,Informatique,Agent,2773,19,1,0,3,2,4,5,No,20,5,1,0,0
EMP_0992,44,Female,42,Informatique,Agent,2820,12,16,2,5,4,4,1,Yes,15,5,0,0,0
EMP_0993,54,Male,39,Marketing,Agent,2727,19,16,2,2,1,2,4,No,6,5,0,1,0
EMP_0994,29,Male,26,Marketing,Agent,3299,25,7,1,5,5,2,2,Yes,39,3,0,0,1
EMP_0995,52,Other,29,Finance,Agent,2568,11,6,1,2,4,1,2,No,6,2,1,0,1
EMP_0996,47,Male,8,Finance,Manager,5167,11,7,6,2,4,4,3,Yes,39,3,1,1,0
EMP_0997,30,Other,25,Marketing,Manager,4210,25,0,2,4,3,1,3,No,16,5,1,0,0
EMP_0998,28,Female,28,Finance,Agent,2551,24,1,6,3,2,3,3,Yes,17,2,1,0,1
EMP_0999,41,Male,47,Finance,Agent,3159,22,7,2,2,3,5,1,No,12,5,0,0,0
EMP_1000,30,Other,29,Finance,Agent,2532,21,6,3,5,2,4,3,Yes,40,4,1,0,1
